# Blender 5.0.1
# www.blender.org
mtllib agnus-2 walk.mtl
o cube
v 0.130522 0.483336 0.035354
v 0.116160 0.485392 -0.088801
v 0.131199 0.420850 0.034241
v 0.116838 0.422905 -0.089914
v -0.132169 0.482187 -0.060129
v -0.117808 0.480132 0.064026
v -0.131492 0.419701 -0.061242
v -0.117130 0.417646 0.062913
v -0.132169 0.482187 -0.060129
v 0.116160 0.485392 -0.088801
v -0.117808 0.480132 0.064026
v 0.130522 0.483336 0.035354
v -0.117130 0.417646 0.062913
v 0.131199 0.420850 0.034241
v -0.131492 0.419701 -0.061242
v 0.116838 0.422905 -0.089914
v -0.117808 0.480132 0.064026
v 0.130522 0.483336 0.035354
v -0.117130 0.417646 0.062913
v 0.131199 0.420850 0.034241
v 0.116160 0.485392 -0.088801
v -0.132169 0.482187 -0.060129
v 0.116838 0.422905 -0.089914
v -0.131492 0.419701 -0.061242
vn 0.9933 0.0128 -0.1147
vn -0.9933 -0.0128 0.1147
vn -0.0108 0.9998 0.0178
vn 0.0108 -0.9998 -0.0178
vn 0.1149 -0.0164 0.9932
vn -0.1149 0.0164 -0.9932
vt 0.156250 0.921875
vt 0.156250 0.906250
vt 0.187500 0.921875
vt 0.187500 0.906250
vt 0.218750 0.937500
vt 0.218750 0.921875
vt 0.250000 0.937500
vt 0.250000 0.921875
vt 0.062500 0.875000
vt 0.062500 0.906250
vt 0.000000 0.875000
vt 0.000000 0.906250
vt 0.125000 0.906250
vt 0.125000 0.875000
vt 0.265625 1.000000
vt 0.265625 0.984375
vt 0.328125 1.000000
vt 0.328125 0.984375
vt 0.250000 0.906250
vt 0.250000 0.890625
vt 0.312500 0.906250
vt 0.312500 0.890625
s 0
usemtl Material_0
f 1/1/1 3/2/1 2/3/1
f 3/2/1 4/4/1 2/3/1
f 5/5/2 7/6/2 6/7/2
f 7/6/2 8/8/2 6/7/2
f 9/9/3 11/10/3 10/11/3
f 11/10/3 12/12/3 10/11/3
f 13/13/4 15/14/4 14/10/4
f 15/14/4 16/9/4 14/10/4
f 17/15/5 19/16/5 18/17/5
f 19/16/5 20/18/5 18/17/5
f 21/19/6 23/20/6 22/21/6
f 23/20/6 24/22/6 22/21/6
o cube.001
v 0.116539 0.434049 0.032545
v 0.116708 0.408352 -0.073768
v 0.116906 0.251797 0.076597
v 0.117075 0.226101 -0.029716
v 0.007333 0.408104 -0.073882
v 0.007164 0.433801 0.032431
v 0.007700 0.225853 -0.029830
v 0.007531 0.251550 0.076483
v 0.007333 0.408104 -0.073882
v 0.116708 0.408352 -0.073768
v 0.007164 0.433801 0.032431
v 0.116539 0.434049 0.032545
v 0.007531 0.251550 0.076483
v 0.116906 0.251797 0.076597
v 0.007700 0.225853 -0.029830
v 0.117075 0.226101 -0.029716
v 0.007164 0.433801 0.032431
v 0.116539 0.434049 0.032545
v 0.007531 0.251550 0.076483
v 0.116906 0.251797 0.076597
v 0.116708 0.408352 -0.073768
v 0.007333 0.408104 -0.073882
v 0.117075 0.226101 -0.029716
v 0.007700 0.225853 -0.029830
vn 1.0000 0.0023 0.0010
vn -1.0000 -0.0023 -0.0010
vn -0.0020 0.9720 -0.2349
vn 0.0020 -0.9720 0.2349
vn -0.0015 0.2349 0.9720
vn 0.0015 -0.2349 -0.9720
vt 0.078125 0.765625
vt 0.078125 0.718750
vt 0.105469 0.765625
vt 0.105469 0.718750
vt 0.234375 0.890625
vt 0.234375 0.843750
vt 0.261719 0.890625
vt 0.261719 0.843750
vt 0.339844 0.769531
vt 0.339844 0.796875
vt 0.312500 0.769531
vt 0.312500 0.796875
vt 0.246094 0.687500
vt 0.246094 0.660156
vt 0.218750 0.687500
vt 0.218750 0.660156
vt 0.109375 0.765625
vt 0.109375 0.718750
vt 0.136719 0.765625
vt 0.136719 0.718750
vt 0.046875 0.765625
vt 0.046875 0.718750
vt 0.074219 0.765625
vt 0.074219 0.718750
s 0
usemtl Material_0
f 25/23/7 27/24/7 26/25/7
f 27/24/7 28/26/7 26/25/7
f 29/27/8 31/28/8 30/29/8
f 31/28/8 32/30/8 30/29/8
f 33/31/9 35/32/9 34/33/9
f 35/32/9 36/34/9 34/33/9
f 37/35/10 39/36/10 38/37/10
f 39/36/10 40/38/10 38/37/10
f 41/39/11 43/40/11 42/41/11
f 43/40/11 44/42/11 42/41/11
f 45/43/12 47/44/12 46/45/12
f 47/44/12 48/46/12 46/45/12
o cube.002
v 0.109074 0.267709 0.060434
v 0.109281 0.210153 -0.013569
v 0.109271 0.132038 0.165953
v 0.109479 0.074483 0.091951
v 0.015532 0.209941 -0.013666
v 0.015324 0.267497 0.060336
v 0.015729 0.074270 0.091853
v 0.015521 0.131826 0.165856
v 0.015532 0.209941 -0.013666
v 0.109281 0.210153 -0.013569
v 0.015324 0.267497 0.060336
v 0.109074 0.267709 0.060434
v 0.015521 0.131826 0.165856
v 0.109271 0.132038 0.165953
v 0.015729 0.074270 0.091853
v 0.109479 0.074483 0.091951
v 0.015324 0.267497 0.060336
v 0.109074 0.267709 0.060434
v 0.015521 0.131826 0.165856
v 0.109271 0.132038 0.165953
v 0.109281 0.210153 -0.013569
v 0.015532 0.209941 -0.013666
v 0.109479 0.074483 0.091951
v 0.015729 0.074270 0.091853
vn 1.0000 0.0023 0.0010
vn -1.0000 -0.0023 -0.0010
vn -0.0011 0.7894 -0.6139
vn 0.0011 -0.7894 0.6139
vn -0.0022 0.6139 0.7894
vn 0.0022 -0.6139 -0.7894
vt 0.203125 0.765625
vt 0.203125 0.722656
vt 0.226562 0.765625
vt 0.226562 0.722656
vt 0.000000 0.750000
vt 0.000000 0.707031
vt 0.023438 0.750000
vt 0.023438 0.707031
vt 0.367188 0.710938
vt 0.367188 0.734375
vt 0.343750 0.710938
vt 0.343750 0.734375
vt 0.367188 0.703125
vt 0.367188 0.679688
vt 0.343750 0.703125
vt 0.343750 0.679688
vt 0.234375 0.796875
vt 0.234375 0.753906
vt 0.257812 0.796875
vt 0.257812 0.753906
vt 0.171875 0.765625
vt 0.171875 0.722656
vt 0.195312 0.765625
vt 0.195312 0.722656
s 0
usemtl Material_0
f 49/47/13 51/48/13 50/49/13
f 51/48/13 52/50/13 50/49/13
f 53/51/14 55/52/14 54/53/14
f 55/52/14 56/54/14 54/53/14
f 57/55/15 59/56/15 58/57/15
f 59/56/15 60/58/15 58/57/15
f 61/59/16 63/60/16 62/61/16
f 63/60/16 64/62/16 62/61/16
f 65/63/17 67/64/17 66/65/17
f 67/64/17 68/66/17 66/65/17
f 69/67/18 71/68/18 70/69/18
f 71/68/18 72/70/18 70/69/18
o cube.003
v 0.125000 0.117740 0.189678
v 0.125000 0.088569 0.068129
v 0.125000 0.041772 0.207909
v 0.125000 0.012601 0.086361
v -0.000000 0.088569 0.068129
v -0.000000 0.117740 0.189678
v -0.000000 0.012601 0.086361
v -0.000000 0.041772 0.207909
v -0.000000 0.088569 0.068129
v 0.125000 0.088569 0.068129
v -0.000000 0.117740 0.189678
v 0.125000 0.117740 0.189678
v -0.000000 0.041772 0.207909
v 0.125000 0.041772 0.207909
v -0.000000 0.012601 0.086361
v 0.125000 0.012601 0.086361
v -0.000000 0.117740 0.189678
v 0.125000 0.117740 0.189678
v -0.000000 0.041772 0.207909
v 0.125000 0.041772 0.207909
v 0.125000 0.088569 0.068129
v -0.000000 0.088569 0.068129
v 0.125000 0.012601 0.086361
v -0.000000 0.012601 0.086361
vn 1.0000 -0.0000 -0.0000
vn -1.0000 -0.0000 -0.0000
vn -0.0000 0.9724 -0.2334
vn -0.0000 -0.9724 0.2334
vn -0.0000 0.2334 0.9724
vn -0.0000 -0.2334 -0.9724
vt 0.187500 0.656250
vt 0.187500 0.636719
vt 0.218750 0.656250
vt 0.218750 0.636719
vt 0.250000 0.656250
vt 0.250000 0.636719
vt 0.281250 0.906250
vt 0.281250 0.937500
vt 0.250000 0.906250
vt 0.250000 0.937500
vt 0.265625 0.750000
vt 0.265625 0.718750
vt 0.234375 0.750000
vt 0.234375 0.718750
vt 0.343750 0.812500
vt 0.343750 0.792969
vt 0.375000 0.812500
vt 0.375000 0.792969
vt 0.156250 0.656250
vt 0.156250 0.636719
s 0
usemtl Material_0
f 73/71/19 75/72/19 74/73/19
f 75/72/19 76/74/19 74/73/19
f 77/73/20 79/74/20 78/75/20
f 79/74/20 80/76/20 78/75/20
f 81/77/21 83/78/21 82/79/21
f 83/78/21 84/80/21 82/79/21
f 85/81/22 87/82/22 86/83/22
f 87/82/22 88/84/22 86/83/22
f 89/85/23 91/86/23 90/87/23
f 91/86/23 92/88/23 90/87/23
f 93/89/24 95/90/24 94/71/24
f 95/90/24 96/72/24 94/71/24
o cube.004
v 0.117187 0.058182 0.075422
v 0.117187 0.047243 0.029841
v 0.117187 0.012601 0.086361
v 0.117187 0.001662 0.040780
v 0.007812 0.047243 0.029841
v 0.007812 0.058182 0.075422
v 0.007812 0.001662 0.040780
v 0.007812 0.012601 0.086361
v 0.007812 0.047243 0.029841
v 0.117187 0.047243 0.029841
v 0.007812 0.058182 0.075422
v 0.117187 0.058182 0.075422
v 0.007812 0.012601 0.086361
v 0.117187 0.012601 0.086361
v 0.007812 0.001662 0.040780
v 0.117187 0.001662 0.040780
v 0.007812 0.058182 0.075422
v 0.117187 0.058182 0.075422
v 0.007812 0.012601 0.086361
v 0.117187 0.012601 0.086361
v 0.117187 0.047243 0.029841
v 0.007812 0.047243 0.029841
v 0.117187 0.001662 0.040780
v 0.007812 0.001662 0.040780
vn 1.0000 -0.0000 -0.0000
vn -1.0000 -0.0000 -0.0000
vn -0.0000 0.9724 -0.2334
vn -0.0000 -0.9724 0.2334
vn -0.0000 0.2334 0.9724
vn -0.0000 -0.2334 -0.9724
vt 0.328125 0.593750
vt 0.328125 0.582031
vt 0.339844 0.593750
vt 0.339844 0.582031
vt 0.343750 0.593750
vt 0.343750 0.582031
vt 0.355469 0.593750
vt 0.355469 0.582031
vt 0.402344 0.738281
vt 0.402344 0.750000
vt 0.375000 0.738281
vt 0.375000 0.750000
vt 0.402344 0.734375
vt 0.402344 0.722656
vt 0.375000 0.734375
vt 0.375000 0.722656
vt 0.375000 0.765625
vt 0.375000 0.753906
vt 0.402344 0.765625
vt 0.402344 0.753906
vt 0.218750 0.625000
vt 0.218750 0.613281
vt 0.246094 0.625000
vt 0.246094 0.613281
s 0
usemtl Material_0
f 97/91/25 99/92/25 98/93/25
f 99/92/25 100/94/25 98/93/25
f 101/95/26 103/96/26 102/97/26
f 103/96/26 104/98/26 102/97/26
f 105/99/27 107/100/27 106/101/27
f 107/100/27 108/102/27 106/101/27
f 109/103/28 111/104/28 110/105/28
f 111/104/28 112/106/28 110/105/28
f 113/107/29 115/108/29 114/109/29
f 115/108/29 116/110/29 114/109/29
f 117/111/30 119/112/30 118/113/30
f 119/112/30 120/114/30 118/113/30
o cube.005
v 0.109519 0.611196 0.020991
v 0.102020 0.607692 -0.072393
v 0.111930 0.486300 0.025484
v 0.104431 0.482796 -0.067900
v -0.115988 0.604119 -0.054753
v -0.108489 0.607624 0.038631
v -0.113577 0.479223 -0.050259
v -0.106079 0.482728 0.043125
v -0.115988 0.604119 -0.054753
v 0.102020 0.607692 -0.072393
v -0.108489 0.607624 0.038631
v 0.109519 0.611196 0.020991
v -0.106079 0.482728 0.043125
v 0.111930 0.486300 0.025484
v -0.113577 0.479223 -0.050259
v 0.104431 0.482796 -0.067900
v -0.108489 0.607624 0.038631
v 0.109519 0.611196 0.020991
v -0.106079 0.482728 0.043125
v 0.111930 0.486300 0.025484
v 0.102020 0.607692 -0.072393
v -0.115988 0.604119 -0.054753
v 0.104431 0.482796 -0.067900
v -0.113577 0.479223 -0.050259
vn 0.9966 0.0163 -0.0806
vn -0.9966 -0.0163 0.0806
vn -0.0193 0.9992 -0.0359
vn 0.0193 -0.9992 0.0359
vn 0.0800 0.0374 0.9961
vn -0.0800 -0.0374 -0.9961
vt 0.062500 0.671875
vt 0.062500 0.640625
vt 0.085938 0.671875
vt 0.085938 0.640625
vt 0.093750 0.671875
vt 0.093750 0.640625
vt 0.117188 0.671875
vt 0.117188 0.640625
vt 0.226562 0.773438
vt 0.226562 0.796875
vt 0.171875 0.773438
vt 0.171875 0.796875
vt 0.273438 0.968750
vt 0.273438 0.945312
vt 0.218750 0.968750
vt 0.218750 0.945312
vt 0.187500 0.921875
vt 0.187500 0.890625
vt 0.242188 0.921875
vt 0.242188 0.890625
vt 0.062500 0.828125
vt 0.062500 0.796875
vt 0.117188 0.828125
vt 0.117188 0.796875
s 0
usemtl Material_0
f 121/115/31 123/116/31 122/117/31
f 123/116/31 124/118/31 122/117/31
f 125/119/32 127/120/32 126/121/32
f 127/120/32 128/122/32 126/121/32
f 129/123/33 131/124/33 130/125/33
f 131/124/33 132/126/33 130/125/33
f 133/127/34 135/128/34 134/129/34
f 135/128/34 136/130/34 134/129/34
f 137/131/35 139/132/35 138/133/35
f 139/132/35 140/134/35 138/133/35
f 141/135/36 143/136/36 142/137/36
f 143/136/36 144/138/36 142/137/36
o cube.006
v 0.104035 0.783197 0.020249
v 0.101583 0.779482 -0.073396
v 0.107013 0.627096 0.026365
v 0.104562 0.623380 -0.067280
v 0.039116 0.778356 -0.071716
v 0.041567 0.782071 0.021929
v 0.042094 0.622254 -0.065600
v 0.044546 0.625970 0.028045
v 0.039116 0.778356 -0.071716
v 0.101583 0.779482 -0.073396
v 0.041567 0.782071 0.021929
v 0.104035 0.783197 0.020249
v 0.044546 0.625970 0.028045
v 0.107013 0.627096 0.026365
v 0.042094 0.622254 -0.065600
v 0.104562 0.623380 -0.067280
v 0.041567 0.782071 0.021929
v 0.104035 0.783197 0.020249
v 0.044546 0.625970 0.028045
v 0.107013 0.627096 0.026365
v 0.101583 0.779482 -0.073396
v 0.039116 0.778356 -0.071716
v 0.104562 0.623380 -0.067280
v 0.042094 0.622254 -0.065600
vn 0.9995 0.0180 -0.0269
vn -0.9995 -0.0180 0.0269
vn -0.0191 0.9991 -0.0391
vn 0.0191 -0.9991 0.0391
vn 0.0261 0.0396 0.9989
vn -0.0261 -0.0396 -0.9989
vt 0.265625 0.765625
vt 0.265625 0.726562
vt 0.289062 0.765625
vt 0.289062 0.726562
vt 0.281250 0.984375
vt 0.281250 0.945312
vt 0.304688 0.984375
vt 0.304688 0.945312
vt 0.140625 0.882812
vt 0.140625 0.906250
vt 0.125000 0.882812
vt 0.125000 0.906250
vt 0.125000 0.796875
vt 0.125000 0.773438
vt 0.109375 0.796875
vt 0.109375 0.773438
vt 0.140625 0.671875
vt 0.140625 0.632812
vt 0.156250 0.671875
vt 0.156250 0.632812
vt 0.125000 0.671875
vt 0.125000 0.632812
s 0
usemtl Material_0
f 145/139/37 147/140/37 146/141/37
f 147/140/37 148/142/37 146/141/37
f 149/143/38 151/144/38 150/145/38
f 151/144/38 152/146/38 150/145/38
f 153/147/39 155/148/39 154/149/39
f 155/148/39 156/150/39 154/149/39
f 157/151/40 159/152/40 158/153/40
f 159/152/40 160/154/40 158/153/40
f 161/155/41 163/156/41 162/157/41
f 163/156/41 164/158/41 162/157/41
f 165/159/42 167/160/42 166/155/42
f 167/160/42 168/156/42 166/155/42
o cube.007
v 0.123038 0.627996 0.041552
v 0.119770 0.623042 -0.083307
v 0.123634 0.596776 0.042775
v 0.120366 0.591822 -0.082084
v 0.041686 0.621634 -0.081207
v 0.044954 0.626589 0.043652
v 0.042281 0.590414 -0.079984
v 0.045550 0.595368 0.044875
v 0.041686 0.621634 -0.081207
v 0.119770 0.623042 -0.083307
v 0.044954 0.626589 0.043652
v 0.123038 0.627996 0.041552
v 0.045550 0.595368 0.044875
v 0.123634 0.596776 0.042775
v 0.042281 0.590414 -0.079984
v 0.120366 0.591822 -0.082084
v 0.044954 0.626589 0.043652
v 0.123038 0.627996 0.041552
v 0.045550 0.595368 0.044875
v 0.123634 0.596776 0.042775
v 0.119770 0.623042 -0.083307
v 0.041686 0.621634 -0.081207
v 0.120366 0.591822 -0.082084
v 0.042281 0.590414 -0.079984
vn 0.9995 0.0180 -0.0269
vn -0.9995 -0.0180 0.0269
vn -0.0191 0.9991 -0.0391
vn 0.0191 -0.9991 0.0391
vn 0.0261 0.0396 0.9989
vn -0.0261 -0.0396 -0.9989
vt 0.140625 0.609375
vt 0.140625 0.601562
vt 0.171875 0.609375
vt 0.171875 0.601562
vt 0.390625 0.859375
vt 0.390625 0.851562
vt 0.421875 0.859375
vt 0.421875 0.851562
vt 0.363281 0.953125
vt 0.363281 0.984375
vt 0.343750 0.953125
vt 0.343750 0.984375
vt 0.363281 0.921875
vt 0.343750 0.921875
vt 0.406250 0.765625
vt 0.406250 0.757812
vt 0.425781 0.765625
vt 0.425781 0.757812
vt 0.203125 0.593750
vt 0.203125 0.585938
vt 0.222656 0.593750
vt 0.222656 0.585938
s 0
usemtl Material_0
f 169/161/43 171/162/43 170/163/43
f 171/162/43 172/164/43 170/163/43
f 173/165/44 175/166/44 174/167/44
f 175/166/44 176/168/44 174/167/44
f 177/169/45 179/170/45 178/171/45
f 179/170/45 180/172/45 178/171/45
f 181/169/46 183/173/46 182/171/46
f 183/173/46 184/174/46 182/171/46
f 185/175/47 187/176/47 186/177/47
f 187/176/47 188/178/47 186/177/47
f 189/179/48 191/180/48 190/181/48
f 191/180/48 192/182/48 190/181/48
o cube.008
v -0.048747 0.624900 0.046172
v -0.052015 0.619945 -0.078687
v -0.048151 0.593679 0.047395
v -0.051419 0.588725 -0.077464
v -0.130099 0.618538 -0.076587
v -0.126831 0.623492 0.048272
v -0.129504 0.587317 -0.075364
v -0.126235 0.592272 0.049495
v -0.130099 0.618538 -0.076587
v -0.052015 0.619945 -0.078687
v -0.126831 0.623492 0.048272
v -0.048747 0.624900 0.046172
v -0.126235 0.592272 0.049495
v -0.048151 0.593679 0.047395
v -0.129504 0.587317 -0.075364
v -0.051419 0.588725 -0.077464
v -0.126831 0.623492 0.048272
v -0.048747 0.624900 0.046172
v -0.126235 0.592272 0.049495
v -0.048151 0.593679 0.047395
v -0.052015 0.619945 -0.078687
v -0.130099 0.618538 -0.076587
v -0.051419 0.588725 -0.077464
v -0.129504 0.587317 -0.075364
vn 0.9995 0.0180 -0.0269
vn -0.9995 -0.0180 0.0269
vn -0.0191 0.9991 -0.0391
vn 0.0191 -0.9991 0.0391
vn 0.0261 0.0396 0.9989
vn -0.0261 -0.0396 -0.9989
vt 0.390625 0.781250
vt 0.390625 0.773438
vt 0.421875 0.781250
vt 0.421875 0.773438
vt 0.312500 0.609375
vt 0.312500 0.601562
vt 0.343750 0.609375
vt 0.343750 0.601562
vt 0.363281 0.890625
vt 0.363281 0.921875
vt 0.343750 0.890625
vt 0.343750 0.921875
vt 0.363281 0.859375
vt 0.343750 0.859375
vt 0.406250 0.750000
vt 0.406250 0.742188
vt 0.425781 0.750000
vt 0.425781 0.742188
vt 0.250000 0.593750
vt 0.250000 0.585938
vt 0.269531 0.593750
vt 0.269531 0.585938
s 0
usemtl Material_0
f 193/183/49 195/184/49 194/185/49
f 195/184/49 196/186/49 194/185/49
f 197/187/50 199/188/50 198/189/50
f 199/188/50 200/190/50 198/189/50
f 201/191/51 203/192/51 202/193/51
f 203/192/51 204/194/51 202/193/51
f 205/191/52 207/195/52 206/193/52
f 207/195/52 208/196/52 206/193/52
f 209/197/53 211/198/53 210/199/53
f 211/198/53 212/200/53 210/199/53
f 213/201/54 215/202/54 214/203/54
f 215/202/54 216/204/54 214/203/54
o cube.009
v 0.107013 0.627096 0.026365
v 0.104562 0.623380 -0.067280
v 0.107311 0.611485 0.026976
v 0.104859 0.607770 -0.066668
v -0.114074 0.619439 -0.061400
v -0.111622 0.623154 0.032245
v -0.113776 0.603828 -0.060788
v -0.111325 0.607544 0.032856
v -0.114074 0.619439 -0.061400
v 0.104562 0.623380 -0.067280
v -0.111622 0.623154 0.032245
v 0.107013 0.627096 0.026365
v -0.111325 0.607544 0.032856
v 0.107311 0.611485 0.026976
v -0.113776 0.603828 -0.060788
v 0.104859 0.607770 -0.066668
v -0.111622 0.623154 0.032245
v 0.107013 0.627096 0.026365
v -0.111325 0.607544 0.032856
v 0.107311 0.611485 0.026976
v 0.104562 0.623380 -0.067280
v -0.114074 0.619439 -0.061400
v 0.104859 0.607770 -0.066668
v -0.113776 0.603828 -0.060788
vn 0.9995 0.0180 -0.0269
vn -0.9995 -0.0180 0.0269
vn -0.0191 0.9991 -0.0391
vn 0.0191 -0.9991 0.0391
vn 0.0261 0.0396 0.9989
vn -0.0261 -0.0396 -0.9989
vt 0.453125 0.609375
vt 0.453125 0.605469
vt 0.476562 0.609375
vt 0.476562 0.605469
vt 0.453125 0.593750
vt 0.453125 0.589844
vt 0.476562 0.593750
vt 0.476562 0.589844
vt 0.257812 0.976562
vt 0.257812 1.000000
vt 0.203125 0.976562
vt 0.203125 1.000000
vt 0.101562 0.796875
vt 0.101562 0.773438
vt 0.046875 0.796875
vt 0.046875 0.773438
vt 0.390625 0.640625
vt 0.390625 0.636719
vt 0.445312 0.640625
vt 0.445312 0.636719
vt 0.390625 0.656250
vt 0.390625 0.652344
vt 0.445312 0.656250
vt 0.445312 0.652344
s 0
usemtl Material_0
f 217/205/55 219/206/55 218/207/55
f 219/206/55 220/208/55 218/207/55
f 221/209/56 223/210/56 222/211/56
f 223/210/56 224/212/56 222/211/56
f 225/213/57 227/214/57 226/215/57
f 227/214/57 228/216/57 226/215/57
f 229/217/58 231/218/58 230/219/58
f 231/218/58 232/220/58 230/219/58
f 233/221/59 235/222/59 234/223/59
f 235/222/59 236/224/59 234/223/59
f 237/225/60 239/226/60 238/227/60
f 239/226/60 240/228/60 238/227/60
o cube.010
v 0.104145 0.799427 0.035244
v 0.100877 0.794473 -0.089615
v 0.104443 0.783817 0.035856
v 0.101175 0.778862 -0.089003
v -0.117759 0.790531 -0.083735
v -0.114490 0.795486 0.041124
v -0.117461 0.774921 -0.083123
v -0.114192 0.779876 0.041736
v -0.117759 0.790531 -0.083735
v 0.100877 0.794473 -0.089615
v -0.114490 0.795486 0.041124
v 0.104145 0.799427 0.035244
v -0.114192 0.779876 0.041736
v 0.104443 0.783817 0.035856
v -0.117461 0.774921 -0.083123
v 0.101175 0.778862 -0.089003
v -0.114490 0.795486 0.041124
v 0.104145 0.799427 0.035244
v -0.114192 0.779876 0.041736
v 0.104443 0.783817 0.035856
v 0.100877 0.794473 -0.089615
v -0.117759 0.790531 -0.083735
v 0.101175 0.778862 -0.089003
v -0.117461 0.774921 -0.083123
vn 0.9995 0.0180 -0.0269
vn -0.9995 -0.0180 0.0269
vn -0.0191 0.9991 -0.0391
vn 0.0191 -0.9991 0.0391
vn 0.0261 0.0396 0.9989
vn -0.0261 -0.0396 -0.9989
vt 0.000000 0.578125
vt 0.000000 0.574219
vt 0.031250 0.578125
vt 0.031250 0.574219
vt 0.421875 1.000000
vt 0.421875 0.996094
vt 0.453125 1.000000
vt 0.453125 0.996094
vt 0.210938 0.921875
vt 0.210938 0.953125
vt 0.156250 0.921875
vt 0.156250 0.953125
vt 0.054688 0.828125
vt 0.054688 0.796875
vt 0.000000 0.828125
vt 0.000000 0.796875
vt 0.390625 0.671875
vt 0.390625 0.667969
vt 0.445312 0.671875
vt 0.445312 0.667969
vt 0.390625 0.687500
vt 0.390625 0.683594
vt 0.445312 0.687500
vt 0.445312 0.683594
s 0
usemtl Material_0
f 241/229/61 243/230/61 242/231/61
f 243/230/61 244/232/61 242/231/61
f 245/233/62 247/234/62 246/235/62
f 247/234/62 248/236/62 246/235/62
f 249/237/63 251/238/63 250/239/63
f 251/238/63 252/240/63 250/239/63
f 253/241/64 255/242/64 254/243/64
f 255/242/64 256/244/64 254/243/64
f 257/245/65 259/246/65 258/247/65
f 259/246/65 260/248/65 258/247/65
f 261/249/66 263/250/66 262/251/66
f 263/250/66 264/252/66 262/251/66
o cube.011
v 0.041159 0.781452 0.006321
v 0.039524 0.778975 -0.056108
v 0.044137 0.625350 0.012437
v 0.042503 0.622873 -0.049992
v -0.054176 0.777286 -0.053588
v -0.052542 0.779763 0.008841
v -0.051198 0.621184 -0.047472
v -0.049564 0.623661 0.014957
v -0.054176 0.777286 -0.053588
v 0.039524 0.778975 -0.056108
v -0.052542 0.779763 0.008841
v 0.041159 0.781452 0.006321
v -0.049564 0.623661 0.014957
v 0.044137 0.625350 0.012437
v -0.051198 0.621184 -0.047472
v 0.042503 0.622873 -0.049992
v -0.052542 0.779763 0.008841
v 0.041159 0.781452 0.006321
v -0.049564 0.623661 0.014957
v 0.044137 0.625350 0.012437
v 0.039524 0.778975 -0.056108
v -0.054176 0.777286 -0.053588
v 0.042503 0.622873 -0.049992
v -0.051198 0.621184 -0.047472
vn 0.9995 0.0180 -0.0269
vn -0.9995 -0.0180 0.0269
vn -0.0191 0.9991 -0.0391
vn 0.0191 -0.9991 0.0391
vn 0.0261 0.0396 0.9989
vn -0.0261 -0.0396 -0.9989
vt 0.046875 0.656250
vt 0.046875 0.617188
vt 0.062500 0.656250
vt 0.062500 0.617188
vt 0.343750 0.859375
vt 0.343750 0.820312
vt 0.359375 0.859375
vt 0.359375 0.820312
vt 0.398438 0.796875
vt 0.398438 0.812500
vt 0.375000 0.796875
vt 0.375000 0.812500
vt 0.398438 0.781250
vt 0.375000 0.781250
vt 0.125000 0.718750
vt 0.125000 0.679688
vt 0.148438 0.718750
vt 0.148438 0.679688
vt 0.093750 0.718750
vt 0.093750 0.679688
vt 0.117188 0.718750
vt 0.117188 0.679688
s 0
usemtl Material_0
f 265/253/67 267/254/67 266/255/67
f 267/254/67 268/256/67 266/255/67
f 269/257/68 271/258/68 270/259/68
f 271/258/68 272/260/68 270/259/68
f 273/261/69 275/262/69 274/263/69
f 275/262/69 276/264/69 274/263/69
f 277/261/70 279/265/70 278/263/70
f 279/265/70 280/266/70 278/263/70
f 281/267/71 283/268/71 282/269/71
f 283/268/71 284/270/71 282/269/71
f 285/271/72 287/272/72 286/273/72
f 287/272/72 288/274/72 286/273/72
o cube.012
v 0.017550 0.724536 -0.037730
v 0.016733 0.723298 -0.068945
v 0.018444 0.677706 -0.035895
v 0.017627 0.676467 -0.067110
v -0.030117 0.722453 -0.067685
v -0.029300 0.723692 -0.036470
v -0.029224 0.675623 -0.065850
v -0.028407 0.676861 -0.034635
v -0.030117 0.722453 -0.067685
v 0.016733 0.723298 -0.068945
v -0.029300 0.723692 -0.036470
v 0.017550 0.724536 -0.037730
v -0.028407 0.676861 -0.034635
v 0.018444 0.677706 -0.035895
v -0.029224 0.675623 -0.065850
v 0.017627 0.676467 -0.067110
v -0.029300 0.723692 -0.036470
v 0.017550 0.724536 -0.037730
v -0.028407 0.676861 -0.034635
v 0.018444 0.677706 -0.035895
v 0.016733 0.723298 -0.068945
v -0.030117 0.722453 -0.067685
v 0.017627 0.676467 -0.067110
v -0.029224 0.675623 -0.065850
vn 0.9995 0.0180 -0.0269
vn -0.9995 -0.0180 0.0269
vn -0.0191 0.9991 -0.0391
vn 0.0191 -0.9991 0.0391
vn 0.0261 0.0396 0.9989
vn -0.0261 -0.0396 -0.9989
vt 0.187500 0.546875
vt 0.187500 0.535156
vt 0.195312 0.546875
vt 0.195312 0.535156
vt 0.421875 0.546875
vt 0.421875 0.535156
vt 0.429688 0.546875
vt 0.429688 0.535156
vt 0.464844 0.570312
vt 0.464844 0.578125
vt 0.453125 0.570312
vt 0.453125 0.578125
vt 0.449219 0.546875
vt 0.449219 0.539062
vt 0.437500 0.546875
vt 0.437500 0.539062
vt 0.406250 0.703125
vt 0.406250 0.691406
vt 0.417969 0.703125
vt 0.417969 0.691406
vt 0.406250 0.718750
vt 0.406250 0.707031
vt 0.417969 0.718750
vt 0.417969 0.707031
s 0
usemtl Material_0
f 289/275/73 291/276/73 290/277/73
f 291/276/73 292/278/73 290/277/73
f 293/279/74 295/280/74 294/281/74
f 295/280/74 296/282/74 294/281/74
f 297/283/75 299/284/75 298/285/75
f 299/284/75 300/286/75 298/285/75
f 301/287/76 303/288/76 302/289/76
f 303/288/76 304/290/76 302/289/76
f 305/291/77 307/292/77 306/293/77
f 307/292/77 308/294/77 306/293/77
f 309/295/78 311/296/78 310/297/78
f 311/296/78 312/298/78 310/297/78
o cube.013
v -0.052134 0.780382 0.024449
v -0.054585 0.776667 -0.069196
v -0.049155 0.624280 0.030565
v -0.051607 0.620565 -0.063080
v -0.117052 0.775540 -0.067516
v -0.114601 0.779256 0.026129
v -0.114074 0.619439 -0.061400
v -0.111622 0.623154 0.032245
v -0.117052 0.775540 -0.067516
v -0.054585 0.776667 -0.069196
v -0.114601 0.779256 0.026129
v -0.052134 0.780382 0.024449
v -0.111622 0.623154 0.032245
v -0.049155 0.624280 0.030565
v -0.114074 0.619439 -0.061400
v -0.051607 0.620565 -0.063080
v -0.114601 0.779256 0.026129
v -0.052134 0.780382 0.024449
v -0.111622 0.623154 0.032245
v -0.049155 0.624280 0.030565
v -0.054585 0.776667 -0.069196
v -0.117052 0.775540 -0.067516
v -0.051607 0.620565 -0.063080
v -0.114074 0.619439 -0.061400
vn 0.9995 0.0180 -0.0269
vn -0.9995 -0.0180 0.0269
vn -0.0191 0.9991 -0.0391
vn 0.0191 -0.9991 0.0391
vn 0.0261 0.0396 0.9989
vn -0.0261 -0.0396 -0.9989
vt 0.304688 0.984375
vt 0.304688 0.945312
vt 0.281250 0.984375
vt 0.281250 0.945312
vt 0.289062 0.765625
vt 0.289062 0.726562
vt 0.265625 0.765625
vt 0.265625 0.726562
vt 0.125000 0.882812
vt 0.125000 0.906250
vt 0.140625 0.882812
vt 0.140625 0.906250
vt 0.109375 0.796875
vt 0.109375 0.773438
vt 0.125000 0.796875
vt 0.125000 0.773438
vt 0.156250 0.671875
vt 0.156250 0.632812
vt 0.140625 0.671875
vt 0.140625 0.632812
vt 0.125000 0.671875
vt 0.125000 0.632812
s 0
usemtl Material_0
f 313/299/79 315/300/79 314/301/79
f 315/300/79 316/302/79 314/301/79
f 317/303/80 319/304/80 318/305/80
f 319/304/80 320/306/80 318/305/80
f 321/307/81 323/308/81 322/309/81
f 323/308/81 324/310/81 322/309/81
f 325/311/82 327/312/82 326/313/82
f 327/312/82 328/314/82 326/313/82
f 329/315/83 331/316/83 330/317/83
f 331/316/83 332/318/83 330/317/83
f 333/317/84 335/318/84 334/319/84
f 335/318/84 336/320/84 334/319/84
o cube.014
v 0.122034 0.658597 0.024721
v 0.119583 0.654882 -0.068923
v 0.122332 0.642987 0.025333
v 0.119881 0.639272 -0.068311
v 0.103966 0.654600 -0.068503
v 0.106417 0.658316 0.025141
v 0.104264 0.638990 -0.067891
v 0.106715 0.642706 0.025753
v 0.103966 0.654600 -0.068503
v 0.119583 0.654882 -0.068923
v 0.106417 0.658316 0.025141
v 0.122034 0.658597 0.024721
v 0.106715 0.642706 0.025753
v 0.122332 0.642987 0.025333
v 0.104264 0.638990 -0.067891
v 0.119881 0.639272 -0.068311
v 0.106417 0.658316 0.025141
v 0.122034 0.658597 0.024721
v 0.106715 0.642706 0.025753
v 0.122332 0.642987 0.025333
v 0.119583 0.654882 -0.068923
v 0.103966 0.654600 -0.068503
v 0.119881 0.639272 -0.068311
v 0.104264 0.638990 -0.067891
vn 0.9995 0.0180 -0.0269
vn -0.9995 -0.0180 0.0269
vn -0.0191 0.9991 -0.0391
vn 0.0191 -0.9991 0.0391
vn 0.0261 0.0396 0.9989
vn -0.0261 -0.0396 -0.9989
vt 0.437500 0.937500
vt 0.437500 0.933594
vt 0.460938 0.937500
vt 0.460938 0.933594
vt 0.437500 0.921875
vt 0.437500 0.917969
vt 0.460938 0.921875
vt 0.460938 0.917969
vt 0.207031 0.539062
vt 0.207031 0.562500
vt 0.203125 0.539062
vt 0.203125 0.562500
vt 0.222656 0.562500
vt 0.222656 0.539062
vt 0.218750 0.562500
vt 0.218750 0.539062
vt 0.281250 0.515625
vt 0.281250 0.511719
vt 0.285156 0.515625
vt 0.285156 0.511719
vt 0.484375 0.734375
vt 0.484375 0.730469
vt 0.488281 0.734375
vt 0.488281 0.730469
s 0
usemtl Material_0
f 337/321/85 339/322/85 338/323/85
f 339/322/85 340/324/85 338/323/85
f 341/325/86 343/326/86 342/327/86
f 343/326/86 344/328/86 342/327/86
f 345/329/87 347/330/87 346/331/87
f 347/330/87 348/332/87 346/331/87
f 349/333/88 351/334/88 350/335/88
f 351/334/88 352/336/88 350/335/88
f 353/337/89 355/338/89 354/339/89
f 355/338/89 356/340/89 354/339/89
f 357/341/90 359/342/90 358/343/90
f 359/342/90 360/344/90 358/343/90
o cube.015
v 0.119583 0.654882 -0.068923
v 0.119174 0.654262 -0.084530
v 0.119881 0.639272 -0.068311
v 0.119472 0.638652 -0.083919
v 0.025473 0.652573 -0.082010
v 0.025882 0.653193 -0.066403
v 0.025771 0.636963 -0.081399
v 0.026180 0.637582 -0.065791
v 0.025473 0.652573 -0.082010
v 0.119174 0.654262 -0.084530
v 0.025882 0.653193 -0.066403
v 0.119583 0.654882 -0.068923
v 0.026180 0.637582 -0.065791
v 0.119881 0.639272 -0.068311
v 0.025771 0.636963 -0.081399
v 0.119472 0.638652 -0.083919
v 0.025882 0.653193 -0.066403
v 0.119583 0.654882 -0.068923
v 0.026180 0.637582 -0.065791
v 0.119881 0.639272 -0.068311
v 0.119174 0.654262 -0.084530
v 0.025473 0.652573 -0.082010
v 0.119472 0.638652 -0.083919
v 0.025771 0.636963 -0.081399
vn 0.9995 0.0180 -0.0269
vn -0.9995 -0.0180 0.0269
vn -0.0191 0.9991 -0.0391
vn 0.0191 -0.9991 0.0391
vn 0.0261 0.0396 0.9989
vn -0.0261 -0.0396 -0.9989
vt 0.484375 0.671875
vt 0.484375 0.667969
vt 0.488281 0.671875
vt 0.488281 0.667969
vt 0.343750 0.515625
vt 0.343750 0.511719
vt 0.347656 0.515625
vt 0.347656 0.511719
vt 0.460938 0.746094
vt 0.460938 0.750000
vt 0.437500 0.746094
vt 0.437500 0.750000
vt 0.351562 0.562500
vt 0.351562 0.558594
vt 0.328125 0.562500
vt 0.328125 0.558594
vt 0.437500 0.765625
vt 0.437500 0.761719
vt 0.460938 0.765625
vt 0.460938 0.761719
vt 0.437500 0.906250
vt 0.437500 0.902344
vt 0.460938 0.906250
vt 0.460938 0.902344
s 0
usemtl Material_0
f 361/345/91 363/346/91 362/347/91
f 363/346/91 364/348/91 362/347/91
f 365/349/92 367/350/92 366/351/92
f 367/350/92 368/352/92 366/351/92
f 369/353/93 371/354/93 370/355/93
f 371/354/93 372/356/93 370/355/93
f 373/357/94 375/358/94 374/359/94
f 375/358/94 376/360/94 374/359/94
f 377/361/95 379/362/95 378/363/95
f 379/362/95 380/364/95 378/363/95
f 381/365/96 383/366/96 382/367/96
f 383/366/96 384/368/96 382/367/96
o cube.016
v 0.103370 0.685821 -0.069726
v 0.102962 0.685201 -0.085333
v 0.103668 0.670210 -0.069114
v 0.103259 0.669591 -0.084722
v 0.009261 0.683512 -0.082813
v 0.009669 0.684132 -0.067206
v 0.009559 0.667902 -0.082202
v 0.009967 0.668521 -0.066594
v 0.009261 0.683512 -0.082813
v 0.102962 0.685201 -0.085333
v 0.009669 0.684132 -0.067206
v 0.103370 0.685821 -0.069726
v 0.009967 0.668521 -0.066594
v 0.103668 0.670210 -0.069114
v 0.009559 0.667902 -0.082202
v 0.103259 0.669591 -0.084722
v 0.009669 0.684132 -0.067206
v 0.103370 0.685821 -0.069726
v 0.009967 0.668521 -0.066594
v 0.103668 0.670210 -0.069114
v 0.102962 0.685201 -0.085333
v 0.009261 0.683512 -0.082813
v 0.103259 0.669591 -0.084722
v 0.009559 0.667902 -0.082202
vn 0.9995 0.0180 -0.0269
vn -0.9995 -0.0180 0.0269
vn -0.0191 0.9991 -0.0391
vn 0.0191 -0.9991 0.0391
vn 0.0261 0.0396 0.9989
vn -0.0261 -0.0396 -0.9989
vt 0.484375 0.656250
vt 0.484375 0.652344
vt 0.488281 0.656250
vt 0.488281 0.652344
vt 0.359375 0.515625
vt 0.359375 0.511719
vt 0.363281 0.515625
vt 0.363281 0.511719
vt 0.445312 0.558594
vt 0.445312 0.562500
vt 0.421875 0.558594
vt 0.421875 0.562500
vt 0.023438 0.546875
vt 0.023438 0.542969
vt 0.000000 0.546875
vt 0.000000 0.542969
vt 0.390625 0.562500
vt 0.390625 0.558594
vt 0.414062 0.562500
vt 0.414062 0.558594
vt 0.359375 0.562500
vt 0.359375 0.558594
vt 0.382812 0.562500
vt 0.382812 0.558594
s 0
usemtl Material_0
f 385/369/97 387/370/97 386/371/97
f 387/370/97 388/372/97 386/371/97
f 389/373/98 391/374/98 390/375/98
f 391/374/98 392/376/98 390/375/98
f 393/377/99 395/378/99 394/379/99
f 395/378/99 396/380/99 394/379/99
f 397/381/100 399/382/100 398/383/100
f 399/382/100 400/384/100 398/383/100
f 401/385/101 403/386/101 402/387/101
f 403/386/101 404/388/101 402/387/101
f 405/389/102 407/390/102 406/391/102
f 407/390/102 408/392/102 406/391/102
o cube.017
v 0.032778 0.736490 -0.036341
v 0.037878 0.738304 -0.050998
v 0.039029 0.722176 -0.035937
v 0.044129 0.723989 -0.050594
v -0.002265 0.720315 -0.067192
v -0.007365 0.718501 -0.052535
v 0.003987 0.706001 -0.066788
v -0.001113 0.704187 -0.052130
v -0.002265 0.720315 -0.067192
v 0.037878 0.738304 -0.050998
v -0.007365 0.718501 -0.052535
v 0.032778 0.736490 -0.036341
v -0.001113 0.704187 -0.052130
v 0.039029 0.722176 -0.035937
v 0.003987 0.706001 -0.066788
v 0.044129 0.723989 -0.050594
v -0.007365 0.718501 -0.052535
v 0.032778 0.736490 -0.036341
v -0.001113 0.704187 -0.052130
v 0.039029 0.722176 -0.035937
v 0.037878 0.738304 -0.050998
v -0.002265 0.720315 -0.067192
v 0.044129 0.723989 -0.050594
v 0.003987 0.706001 -0.066788
vn 0.8564 0.3838 0.3455
vn -0.8564 -0.3838 -0.3455
vn -0.4001 0.9161 -0.0259
vn 0.4001 -0.9161 0.0259
vn -0.3264 -0.1161 0.9381
vn 0.3264 0.1161 -0.9381
vt 0.484375 0.640625
vt 0.484375 0.636719
vt 0.488281 0.640625
vt 0.488281 0.636719
vt 0.375000 0.515625
vt 0.375000 0.511719
vt 0.378906 0.515625
vt 0.378906 0.511719
vt 0.371094 0.527344
vt 0.371094 0.531250
vt 0.359375 0.527344
vt 0.359375 0.531250
vt 0.386719 0.531250
vt 0.386719 0.527344
vt 0.375000 0.531250
vt 0.375000 0.527344
vt 0.343750 0.531250
vt 0.343750 0.527344
vt 0.355469 0.531250
vt 0.355469 0.527344
vt 0.328125 0.531250
vt 0.328125 0.527344
vt 0.339844 0.531250
vt 0.339844 0.527344
s 0
usemtl Material_0
f 409/393/103 411/394/103 410/395/103
f 411/394/103 412/396/103 410/395/103
f 413/397/104 415/398/104 414/399/104
f 415/398/104 416/400/104 414/399/104
f 417/401/105 419/402/105 418/403/105
f 419/402/105 420/404/105 418/403/105
f 421/405/106 423/406/106 422/407/106
f 423/406/106 424/408/106 422/407/106
f 425/409/107 427/410/107 426/411/107
f 427/410/107 428/412/107 426/411/107
f 429/413/108 431/414/108 430/415/108
f 431/414/108 432/416/108 430/415/108
o cube.018
v 0.119693 0.671111 -0.053927
v 0.119285 0.670492 -0.069534
v 0.119991 0.655501 -0.053315
v 0.119583 0.654882 -0.068923
v 0.103668 0.670210 -0.069114
v 0.104077 0.670830 -0.053507
v 0.103966 0.654600 -0.068503
v 0.104374 0.655219 -0.052895
v 0.103668 0.670210 -0.069114
v 0.119285 0.670492 -0.069534
v 0.104077 0.670830 -0.053507
v 0.119693 0.671111 -0.053927
v 0.104374 0.655219 -0.052895
v 0.119991 0.655501 -0.053315
v 0.103966 0.654600 -0.068503
v 0.119583 0.654882 -0.068923
v 0.104077 0.670830 -0.053507
v 0.119693 0.671111 -0.053927
v 0.104374 0.655219 -0.052895
v 0.119991 0.655501 -0.053315
v 0.119285 0.670492 -0.069534
v 0.103668 0.670210 -0.069114
v 0.119583 0.654882 -0.068923
v 0.103966 0.654600 -0.068503
vn 0.9995 0.0180 -0.0269
vn -0.9995 -0.0180 0.0269
vn -0.0191 0.9991 -0.0391
vn 0.0191 -0.9991 0.0391
vn 0.0261 0.0396 0.9989
vn -0.0261 -0.0396 -0.9989
vt 0.296875 0.515625
vt 0.296875 0.511719
vt 0.300781 0.515625
vt 0.300781 0.511719
vt 0.312500 0.515625
vt 0.312500 0.511719
vt 0.316406 0.515625
vt 0.316406 0.511719
vt 0.488281 0.683594
vt 0.488281 0.687500
vt 0.484375 0.683594
vt 0.484375 0.687500
vt 0.332031 0.515625
vt 0.332031 0.511719
vt 0.328125 0.515625
vt 0.328125 0.511719
vt 0.484375 0.703125
vt 0.484375 0.699219
vt 0.488281 0.703125
vt 0.488281 0.699219
vt 0.484375 0.718750
vt 0.484375 0.714844
vt 0.488281 0.718750
vt 0.488281 0.714844
s 0
usemtl Material_0
f 433/417/109 435/418/109 434/419/109
f 435/418/109 436/420/109 434/419/109
f 437/421/110 439/422/110 438/423/110
f 439/422/110 440/424/110 438/423/110
f 441/425/111 443/426/111 442/427/111
f 443/426/111 444/428/111 442/427/111
f 445/429/112 447/430/112 446/431/112
f 447/430/112 448/432/112 446/431/112
f 449/433/113 451/434/113 450/435/113
f 451/434/113 452/436/113 450/435/113
f 453/437/114 455/438/114 454/439/114
f 455/438/114 456/440/114 454/439/114
o cube.019
v 0.120060 0.784098 0.035436
v 0.116791 0.779144 -0.089423
v 0.122145 0.674827 0.039717
v 0.118876 0.669873 -0.085142
v 0.101175 0.778862 -0.089003
v 0.104443 0.783817 0.035856
v 0.103259 0.669591 -0.084722
v 0.106528 0.674545 0.040137
v 0.101175 0.778862 -0.089003
v 0.116791 0.779144 -0.089423
v 0.104443 0.783817 0.035856
v 0.120060 0.784098 0.035436
v 0.106528 0.674545 0.040137
v 0.122145 0.674827 0.039717
v 0.103259 0.669591 -0.084722
v 0.118876 0.669873 -0.085142
v 0.104443 0.783817 0.035856
v 0.120060 0.784098 0.035436
v 0.106528 0.674545 0.040137
v 0.122145 0.674827 0.039717
v 0.116791 0.779144 -0.089423
v 0.101175 0.778862 -0.089003
v 0.118876 0.669873 -0.085142
v 0.103259 0.669591 -0.084722
vn 0.9995 0.0180 -0.0269
vn -0.9995 -0.0180 0.0269
vn -0.0191 0.9991 -0.0391
vn 0.0191 -0.9991 0.0391
vn 0.0261 0.0396 0.9989
vn -0.0261 -0.0396 -0.9989
vt 0.281250 0.937500
vt 0.281250 0.910156
vt 0.312500 0.937500
vt 0.312500 0.910156
vt 0.156250 0.718750
vt 0.156250 0.691406
vt 0.187500 0.718750
vt 0.187500 0.691406
vt 0.363281 0.562500
vt 0.363281 0.593750
vt 0.359375 0.562500
vt 0.359375 0.593750
vt 0.378906 0.593750
vt 0.378906 0.562500
vt 0.375000 0.593750
vt 0.375000 0.562500
vt 0.125000 0.578125
vt 0.125000 0.550781
vt 0.128906 0.578125
vt 0.128906 0.550781
vt 0.109375 0.578125
vt 0.109375 0.550781
vt 0.113281 0.578125
vt 0.113281 0.550781
s 0
usemtl Material_0
f 457/441/115 459/442/115 458/443/115
f 459/442/115 460/444/115 458/443/115
f 461/445/116 463/446/116 462/447/116
f 463/446/116 464/448/116 462/447/116
f 465/449/117 467/450/117 466/451/117
f 467/450/117 468/452/117 466/451/117
f 469/453/118 471/454/118 470/455/118
f 471/454/118 472/456/118 470/455/118
f 473/457/119 475/458/119 474/459/119
f 475/458/119 476/460/119 474/459/119
f 477/461/120 479/462/120 478/463/120
f 479/462/120 480/464/120 478/463/120
o cube.020
v 0.104443 0.783817 0.035856
v 0.104035 0.783197 0.020249
v 0.106528 0.674545 0.040137
v 0.106120 0.673926 0.024530
v -0.005283 0.781227 0.023189
v -0.004874 0.781846 0.038796
v -0.003198 0.671956 0.027470
v -0.002790 0.672575 0.043077
v -0.005283 0.781227 0.023189
v 0.104035 0.783197 0.020249
v -0.004874 0.781846 0.038796
v 0.104443 0.783817 0.035856
v -0.002790 0.672575 0.043077
v 0.106528 0.674545 0.040137
v -0.003198 0.671956 0.027470
v 0.106120 0.673926 0.024530
v -0.004874 0.781846 0.038796
v 0.104443 0.783817 0.035856
v -0.002790 0.672575 0.043077
v 0.106528 0.674545 0.040137
v 0.104035 0.783197 0.020249
v -0.005283 0.781227 0.023189
v 0.106120 0.673926 0.024530
v -0.003198 0.671956 0.027470
vn 0.9995 0.0180 -0.0269
vn -0.9995 -0.0180 0.0269
vn -0.0191 0.9991 -0.0391
vn 0.0191 -0.9991 0.0391
vn 0.0261 0.0396 0.9989
vn -0.0261 -0.0396 -0.9989
vt 0.140625 0.578125
vt 0.140625 0.550781
vt 0.144531 0.578125
vt 0.144531 0.550781
vt 0.156250 0.578125
vt 0.156250 0.550781
vt 0.160156 0.578125
vt 0.160156 0.550781
vt 0.449219 0.886719
vt 0.449219 0.890625
vt 0.421875 0.886719
vt 0.421875 0.890625
vt 0.449219 0.859375
vt 0.449219 0.855469
vt 0.421875 0.859375
vt 0.421875 0.855469
vt 0.156250 0.687500
vt 0.156250 0.660156
vt 0.183594 0.687500
vt 0.183594 0.660156
vt 0.312500 0.859375
vt 0.312500 0.832031
vt 0.339844 0.859375
vt 0.339844 0.832031
s 0
usemtl Material_0
f 481/465/121 483/466/121 482/467/121
f 483/466/121 484/468/121 482/467/121
f 485/469/122 487/470/122 486/471/122
f 487/470/122 488/472/122 486/471/122
f 489/473/123 491/474/123 490/475/123
f 491/474/123 492/476/123 490/475/123
f 493/477/124 495/478/124 494/479/124
f 495/478/124 496/480/124 494/479/124
f 497/481/125 499/482/125 498/483/125
f 499/482/125 500/484/125 498/483/125
f 501/485/126 503/486/126 502/487/126
f 503/486/126 504/488/126 502/487/126
o cube.021
v -0.022160 0.714789 -0.067589
v -0.022569 0.714170 -0.083197
v -0.021862 0.699179 -0.066978
v -0.022271 0.698559 -0.082585
v -0.116269 0.712480 -0.080677
v -0.115861 0.713100 -0.065069
v -0.115972 0.696870 -0.080065
v -0.115563 0.697490 -0.064458
v -0.116269 0.712480 -0.080677
v -0.022569 0.714170 -0.083197
v -0.115861 0.713100 -0.065069
v -0.022160 0.714789 -0.067589
v -0.115563 0.697490 -0.064458
v -0.021862 0.699179 -0.066978
v -0.115972 0.696870 -0.080065
v -0.022271 0.698559 -0.082585
v -0.115861 0.713100 -0.065069
v -0.022160 0.714789 -0.067589
v -0.115563 0.697490 -0.064458
v -0.021862 0.699179 -0.066978
v -0.022569 0.714170 -0.083197
v -0.116269 0.712480 -0.080677
v -0.022271 0.698559 -0.082585
v -0.115972 0.696870 -0.080065
vn 0.9995 0.0180 -0.0269
vn -0.9995 -0.0180 0.0269
vn -0.0191 0.9991 -0.0391
vn 0.0191 -0.9991 0.0391
vn 0.0261 0.0396 0.9989
vn -0.0261 -0.0396 -0.9989
vt 0.062500 0.500000
vt 0.062500 0.496094
vt 0.066406 0.500000
vt 0.066406 0.496094
vt 0.500000 0.937500
vt 0.500000 0.933594
vt 0.503906 0.937500
vt 0.503906 0.933594
vt 0.476562 0.683594
vt 0.476562 0.687500
vt 0.453125 0.683594
vt 0.453125 0.687500
vt 0.351562 0.546875
vt 0.351562 0.542969
vt 0.328125 0.546875
vt 0.328125 0.542969
vt 0.453125 0.703125
vt 0.453125 0.699219
vt 0.476562 0.703125
vt 0.476562 0.699219
vt 0.296875 0.546875
vt 0.296875 0.542969
vt 0.320312 0.546875
vt 0.320312 0.542969
s 0
usemtl Material_0
f 505/489/127 507/490/127 506/491/127
f 507/490/127 508/492/127 506/491/127
f 509/493/128 511/494/128 510/495/128
f 511/494/128 512/496/128 510/495/128
f 513/497/129 515/498/129 514/499/129
f 515/498/129 516/500/129 514/499/129
f 517/501/130 519/502/130 518/503/130
f 519/502/130 520/504/130 518/503/130
f 521/505/131 523/506/131 522/507/131
f 523/506/131 524/508/131 522/507/131
f 525/509/132 527/510/132 526/511/132
f 527/510/132 528/512/132 526/511/132
o cube.022
v -0.021564 0.683568 -0.066366
v -0.021973 0.682949 -0.081973
v -0.021266 0.667958 -0.065754
v -0.021675 0.667339 -0.081362
v -0.115674 0.681260 -0.079453
v -0.115265 0.681879 -0.063846
v -0.115376 0.665650 -0.078842
v -0.114967 0.666269 -0.063234
v -0.115674 0.681260 -0.079453
v -0.021973 0.682949 -0.081973
v -0.115265 0.681879 -0.063846
v -0.021564 0.683568 -0.066366
v -0.114967 0.666269 -0.063234
v -0.021266 0.667958 -0.065754
v -0.115376 0.665650 -0.078842
v -0.021675 0.667339 -0.081362
v -0.115265 0.681879 -0.063846
v -0.021564 0.683568 -0.066366
v -0.114967 0.666269 -0.063234
v -0.021266 0.667958 -0.065754
v -0.021973 0.682949 -0.081973
v -0.115674 0.681260 -0.079453
v -0.021675 0.667339 -0.081362
v -0.115376 0.665650 -0.078842
vn 0.9995 0.0180 -0.0269
vn -0.9995 -0.0180 0.0269
vn -0.0191 0.9991 -0.0391
vn 0.0191 -0.9991 0.0391
vn 0.0261 0.0396 0.9989
vn -0.0261 -0.0396 -0.9989
vt 0.046875 0.500000
vt 0.046875 0.496094
vt 0.050781 0.500000
vt 0.050781 0.496094
vt 0.500000 0.953125
vt 0.500000 0.949219
vt 0.503906 0.953125
vt 0.503906 0.949219
vt 0.476562 0.730469
vt 0.476562 0.734375
vt 0.453125 0.730469
vt 0.453125 0.734375
vt 0.476562 0.718750
vt 0.476562 0.714844
vt 0.453125 0.718750
vt 0.453125 0.714844
vt 0.250000 0.546875
vt 0.250000 0.542969
vt 0.273438 0.546875
vt 0.273438 0.542969
vt 0.453125 0.781250
vt 0.453125 0.777344
vt 0.476562 0.781250
vt 0.476562 0.777344
s 0
usemtl Material_0
f 529/513/133 531/514/133 530/515/133
f 531/514/133 532/516/133 530/515/133
f 533/517/134 535/518/134 534/519/134
f 535/518/134 536/520/134 534/519/134
f 537/521/135 539/522/135 538/523/135
f 539/522/135 540/524/135 538/523/135
f 541/525/136 543/526/136 542/527/136
f 543/526/136 544/528/136 542/527/136
f 545/529/137 547/530/137 546/531/137
f 547/530/137 548/532/137 546/531/137
f 549/533/138 551/534/138 550/535/138
f 551/534/138 552/536/138 550/535/138
o cube.023
v -0.036585 0.652067 -0.064723
v -0.036994 0.651447 -0.080330
v -0.036288 0.636456 -0.064111
v -0.036696 0.635837 -0.079719
v -0.130695 0.649758 -0.077810
v -0.130286 0.650378 -0.062203
v -0.130397 0.634148 -0.077199
v -0.129989 0.634767 -0.061591
v -0.130695 0.649758 -0.077810
v -0.036994 0.651447 -0.080330
v -0.130286 0.650378 -0.062203
v -0.036585 0.652067 -0.064723
v -0.129989 0.634767 -0.061591
v -0.036288 0.636456 -0.064111
v -0.130397 0.634148 -0.077199
v -0.036696 0.635837 -0.079719
v -0.130286 0.650378 -0.062203
v -0.036585 0.652067 -0.064723
v -0.129989 0.634767 -0.061591
v -0.036288 0.636456 -0.064111
v -0.036994 0.651447 -0.080330
v -0.130695 0.649758 -0.077810
v -0.036696 0.635837 -0.079719
v -0.130397 0.634148 -0.077199
vn 0.9995 0.0180 -0.0269
vn -0.9995 -0.0180 0.0269
vn -0.0191 0.9991 -0.0391
vn 0.0191 -0.9991 0.0391
vn 0.0261 0.0396 0.9989
vn -0.0261 -0.0396 -0.9989
vt 0.031250 0.500000
vt 0.031250 0.496094
vt 0.035156 0.500000
vt 0.035156 0.496094
vt 0.500000 0.968750
vt 0.500000 0.964844
vt 0.503906 0.968750
vt 0.503906 0.964844
vt 0.476562 0.808594
vt 0.476562 0.812500
vt 0.453125 0.808594
vt 0.453125 0.812500
vt 0.476562 0.796875
vt 0.476562 0.792969
vt 0.453125 0.796875
vt 0.453125 0.792969
vt 0.453125 0.828125
vt 0.453125 0.824219
vt 0.476562 0.828125
vt 0.476562 0.824219
vt 0.453125 0.843750
vt 0.453125 0.839844
vt 0.476562 0.843750
vt 0.476562 0.839844
s 0
usemtl Material_0
f 553/537/139 555/538/139 554/539/139
f 555/538/139 556/540/139 554/539/139
f 557/541/140 559/542/140 558/543/140
f 559/542/140 560/544/140 558/543/140
f 561/545/141 563/546/141 562/547/141
f 563/546/141 564/548/141 562/547/141
f 565/549/142 567/550/142 566/551/142
f 567/550/142 568/552/142 566/551/142
f 569/553/143 571/554/143 570/555/143
f 571/554/143 572/556/143 570/555/143
f 573/557/144 575/558/144 574/559/144
f 575/558/144 576/560/144 574/559/144
o cube.024
v -0.112218 0.654375 0.031021
v -0.114670 0.650659 -0.062623
v -0.111920 0.638765 0.031633
v -0.114372 0.635049 -0.062011
v -0.130286 0.650378 -0.062203
v -0.127835 0.654093 0.031441
v -0.129989 0.634767 -0.061591
v -0.127537 0.638483 0.032053
v -0.130286 0.650378 -0.062203
v -0.114670 0.650659 -0.062623
v -0.127835 0.654093 0.031441
v -0.112218 0.654375 0.031021
v -0.127537 0.638483 0.032053
v -0.111920 0.638765 0.031633
v -0.129989 0.634767 -0.061591
v -0.114372 0.635049 -0.062011
v -0.127835 0.654093 0.031441
v -0.112218 0.654375 0.031021
v -0.127537 0.638483 0.032053
v -0.111920 0.638765 0.031633
v -0.114670 0.650659 -0.062623
v -0.130286 0.650378 -0.062203
v -0.114372 0.635049 -0.062011
v -0.129989 0.634767 -0.061591
vn 0.9995 0.0180 -0.0269
vn -0.9995 -0.0180 0.0269
vn -0.0191 0.9991 -0.0391
vn 0.0191 -0.9991 0.0391
vn 0.0261 0.0396 0.9989
vn -0.0261 -0.0396 -0.9989
vt 0.453125 0.859375
vt 0.453125 0.855469
vt 0.476562 0.859375
vt 0.476562 0.855469
vt 0.156250 0.546875
vt 0.156250 0.542969
vt 0.179688 0.546875
vt 0.179688 0.542969
vt 0.238281 0.539062
vt 0.238281 0.562500
vt 0.234375 0.539062
vt 0.234375 0.562500
vt 0.285156 0.562500
vt 0.285156 0.539062
vt 0.281250 0.562500
vt 0.281250 0.539062
vt 0.500000 0.984375
vt 0.500000 0.980469
vt 0.503906 0.984375
vt 0.503906 0.980469
vt 0.015625 0.500000
vt 0.015625 0.496094
vt 0.019531 0.500000
vt 0.019531 0.496094
s 0
usemtl Material_0
f 577/561/145 579/562/145 578/563/145
f 579/562/145 580/564/145 578/563/145
f 581/565/146 583/566/146 582/567/146
f 583/566/146 584/568/146 582/567/146
f 585/569/147 587/570/147 586/571/147
f 587/570/147 588/572/147 586/571/147
f 589/573/148 591/574/148 590/575/148
f 591/574/148 592/576/148 590/575/148
f 593/577/149 595/578/149 594/579/149
f 595/578/149 596/580/149 594/579/149
f 597/581/150 599/582/150 598/583/150
f 599/582/150 600/584/150 598/583/150
o cube.025
v -0.114559 0.666888 -0.047627
v -0.114967 0.666269 -0.063234
v -0.114261 0.651278 -0.047015
v -0.114670 0.650659 -0.062623
v -0.130584 0.665988 -0.062814
v -0.130176 0.666607 -0.047207
v -0.130286 0.650378 -0.062203
v -0.129878 0.650997 -0.046595
v -0.130584 0.665988 -0.062814
v -0.114967 0.666269 -0.063234
v -0.130176 0.666607 -0.047207
v -0.114559 0.666888 -0.047627
v -0.129878 0.650997 -0.046595
v -0.114261 0.651278 -0.047015
v -0.130286 0.650378 -0.062203
v -0.114670 0.650659 -0.062623
v -0.130176 0.666607 -0.047207
v -0.114559 0.666888 -0.047627
v -0.129878 0.650997 -0.046595
v -0.114261 0.651278 -0.047015
v -0.114967 0.666269 -0.063234
v -0.130584 0.665988 -0.062814
v -0.114670 0.650659 -0.062623
v -0.130286 0.650378 -0.062203
vn 0.9995 0.0180 -0.0269
vn -0.9995 -0.0180 0.0269
vn -0.0191 0.9991 -0.0391
vn 0.0191 -0.9991 0.0391
vn 0.0261 0.0396 0.9989
vn -0.0261 -0.0396 -0.9989
vt 0.468750 0.515625
vt 0.468750 0.511719
vt 0.472656 0.515625
vt 0.472656 0.511719
vt 0.484375 0.515625
vt 0.484375 0.511719
vt 0.488281 0.515625
vt 0.488281 0.511719
vt 0.003906 0.496094
vt 0.003906 0.500000
vt 0.000000 0.496094
vt 0.000000 0.500000
vt 0.503906 1.000000
vt 0.503906 0.996094
vt 0.500000 1.000000
vt 0.500000 0.996094
vt 0.484375 0.531250
vt 0.484375 0.527344
vt 0.488281 0.531250
vt 0.488281 0.527344
vt 0.484375 0.546875
vt 0.484375 0.542969
vt 0.488281 0.546875
vt 0.488281 0.542969
s 0
usemtl Material_0
f 601/585/151 603/586/151 602/587/151
f 603/586/151 604/588/151 602/587/151
f 605/589/152 607/590/152 606/591/152
f 607/590/152 608/592/152 606/591/152
f 609/593/153 611/594/153 610/595/153
f 611/594/153 612/596/153 610/595/153
f 613/597/154 615/598/154 614/599/154
f 615/598/154 616/600/154 614/599/154
f 617/601/155 619/602/155 618/603/155
f 619/602/155 620/604/155 618/603/155
f 621/605/156 623/606/156 622/607/156
f 623/606/156 624/608/156 622/607/156
o cube.026
v -0.114192 0.779876 0.041736
v -0.117461 0.774921 -0.083123
v -0.112107 0.670604 0.046017
v -0.115376 0.665650 -0.078842
v -0.133078 0.774640 -0.082703
v -0.129809 0.779594 0.042156
v -0.130993 0.665368 -0.078422
v -0.127724 0.670323 0.046437
v -0.133078 0.774640 -0.082703
v -0.117461 0.774921 -0.083123
v -0.129809 0.779594 0.042156
v -0.114192 0.779876 0.041736
v -0.127724 0.670323 0.046437
v -0.112107 0.670604 0.046017
v -0.130993 0.665368 -0.078422
v -0.115376 0.665650 -0.078842
v -0.129809 0.779594 0.042156
v -0.114192 0.779876 0.041736
v -0.127724 0.670323 0.046437
v -0.112107 0.670604 0.046017
v -0.117461 0.774921 -0.083123
v -0.133078 0.774640 -0.082703
v -0.115376 0.665650 -0.078842
v -0.130993 0.665368 -0.078422
vn 0.9995 0.0180 -0.0269
vn -0.9995 -0.0180 0.0269
vn -0.0191 0.9991 -0.0391
vn 0.0191 -0.9991 0.0391
vn 0.0261 0.0396 0.9989
vn -0.0261 -0.0396 -0.9989
vt 0.187500 0.718750
vt 0.187500 0.691406
vt 0.218750 0.718750
vt 0.218750 0.691406
vt 0.250000 0.718750
vt 0.250000 0.691406
vt 0.394531 0.562500
vt 0.394531 0.593750
vt 0.390625 0.562500
vt 0.390625 0.593750
vt 0.410156 0.593750
vt 0.410156 0.562500
vt 0.406250 0.593750
vt 0.406250 0.562500
vt 0.265625 0.578125
vt 0.265625 0.550781
vt 0.269531 0.578125
vt 0.269531 0.550781
vt 0.250000 0.578125
vt 0.250000 0.550781
vt 0.253906 0.578125
vt 0.253906 0.550781
s 0
usemtl Material_0
f 625/609/157 627/610/157 626/611/157
f 627/610/157 628/612/157 626/611/157
f 629/611/158 631/612/158 630/613/158
f 631/612/158 632/614/158 630/613/158
f 633/615/159 635/616/159 634/617/159
f 635/616/159 636/618/159 634/617/159
f 637/619/160 639/620/160 638/621/160
f 639/620/160 640/622/160 638/621/160
f 641/623/161 643/624/161 642/625/161
f 643/624/161 644/626/161 642/625/161
f 645/627/162 647/628/162 646/629/162
f 647/628/162 648/630/162 646/629/162
o cube.027
v -0.004874 0.781846 0.038796
v -0.005283 0.781227 0.023189
v -0.002790 0.672575 0.043077
v -0.003198 0.671956 0.027470
v -0.114601 0.779256 0.026129
v -0.114192 0.779876 0.041736
v -0.112516 0.669985 0.030410
v -0.112107 0.670604 0.046017
v -0.114601 0.779256 0.026129
v -0.005283 0.781227 0.023189
v -0.114192 0.779876 0.041736
v -0.004874 0.781846 0.038796
v -0.112107 0.670604 0.046017
v -0.002790 0.672575 0.043077
v -0.112516 0.669985 0.030410
v -0.003198 0.671956 0.027470
v -0.114192 0.779876 0.041736
v -0.004874 0.781846 0.038796
v -0.112107 0.670604 0.046017
v -0.002790 0.672575 0.043077
v -0.005283 0.781227 0.023189
v -0.114601 0.779256 0.026129
v -0.003198 0.671956 0.027470
v -0.112516 0.669985 0.030410
vn 0.9995 0.0180 -0.0269
vn -0.9995 -0.0180 0.0269
vn -0.0191 0.9991 -0.0391
vn 0.0191 -0.9991 0.0391
vn 0.0261 0.0396 0.9989
vn -0.0261 -0.0396 -0.9989
vt 0.171875 0.578125
vt 0.171875 0.550781
vt 0.175781 0.578125
vt 0.175781 0.550781
vt 0.187500 0.578125
vt 0.187500 0.550781
vt 0.191406 0.578125
vt 0.191406 0.550781
vt 0.230469 0.574219
vt 0.230469 0.578125
vt 0.203125 0.574219
vt 0.203125 0.578125
vt 0.449219 0.781250
vt 0.449219 0.777344
vt 0.421875 0.781250
vt 0.421875 0.777344
vt 0.187500 0.687500
vt 0.187500 0.660156
vt 0.214844 0.687500
vt 0.214844 0.660156
vt 0.312500 0.828125
vt 0.312500 0.800781
vt 0.339844 0.828125
vt 0.339844 0.800781
s 0
usemtl Material_0
f 649/631/163 651/632/163 650/633/163
f 651/632/163 652/634/163 650/633/163
f 653/635/164 655/636/164 654/637/164
f 655/636/164 656/638/164 654/637/164
f 657/639/165 659/640/165 658/641/165
f 659/640/165 660/642/165 658/641/165
f 661/643/166 663/644/166 662/645/166
f 663/644/166 664/646/166 662/645/166
f 665/647/167 667/648/167 666/649/167
f 667/648/167 668/650/167 666/649/167
f 669/651/168 671/652/168 670/653/168
f 671/652/168 672/654/168 670/653/168
o cube.028
v -0.022756 0.746009 -0.068812
v -0.023164 0.745390 -0.084420
v -0.022458 0.730399 -0.068201
v -0.022866 0.729780 -0.083808
v -0.116865 0.743701 -0.081900
v -0.116457 0.744320 -0.066292
v -0.116567 0.728091 -0.081288
v -0.116159 0.728710 -0.065681
v -0.116865 0.743701 -0.081900
v -0.023164 0.745390 -0.084420
v -0.116457 0.744320 -0.066292
v -0.022756 0.746009 -0.068812
v -0.116159 0.728710 -0.065681
v -0.022458 0.730399 -0.068201
v -0.116567 0.728091 -0.081288
v -0.022866 0.729780 -0.083808
v -0.116457 0.744320 -0.066292
v -0.022756 0.746009 -0.068812
v -0.116159 0.728710 -0.065681
v -0.022458 0.730399 -0.068201
v -0.023164 0.745390 -0.084420
v -0.116865 0.743701 -0.081900
v -0.022866 0.729780 -0.083808
v -0.116567 0.728091 -0.081288
vn 0.9995 0.0180 -0.0269
vn -0.9995 -0.0180 0.0269
vn -0.0191 0.9991 -0.0391
vn 0.0191 -0.9991 0.0391
vn 0.0261 0.0396 0.9989
vn -0.0261 -0.0396 -0.9989
vt 0.078125 0.500000
vt 0.078125 0.496094
vt 0.082031 0.500000
vt 0.082031 0.496094
vt 0.500000 0.921875
vt 0.500000 0.917969
vt 0.503906 0.921875
vt 0.503906 0.917969
vt 0.382812 0.542969
vt 0.382812 0.546875
vt 0.359375 0.542969
vt 0.359375 0.546875
vt 0.476562 0.640625
vt 0.476562 0.636719
vt 0.453125 0.640625
vt 0.453125 0.636719
vt 0.453125 0.656250
vt 0.453125 0.652344
vt 0.476562 0.656250
vt 0.476562 0.652344
vt 0.453125 0.671875
vt 0.453125 0.667969
vt 0.476562 0.671875
vt 0.476562 0.667969
s 0
usemtl Material_0
f 673/655/169 675/656/169 674/657/169
f 675/656/169 676/658/169 674/657/169
f 677/659/170 679/660/170 678/661/170
f 679/660/170 680/662/170 678/661/170
f 681/663/171 683/664/171 682/665/171
f 683/664/171 684/666/171 682/665/171
f 685/667/172 687/668/172 686/669/172
f 687/668/172 688/670/172 686/669/172
f 689/671/173 691/672/173 690/673/173
f 691/672/173 692/674/173 690/673/173
f 693/675/174 695/676/174 694/677/174
f 695/676/174 696/678/174 694/677/174
o cube.029
v 0.102775 0.717041 -0.070949
v 0.102366 0.716422 -0.086557
v 0.103072 0.701431 -0.070338
v 0.102664 0.700812 -0.085945
v 0.008665 0.714733 -0.084037
v 0.009074 0.715352 -0.068429
v 0.008963 0.699122 -0.083425
v 0.009371 0.699742 -0.067818
v 0.008665 0.714733 -0.084037
v 0.102366 0.716422 -0.086557
v 0.009074 0.715352 -0.068429
v 0.102775 0.717041 -0.070949
v 0.009371 0.699742 -0.067818
v 0.103072 0.701431 -0.070338
v 0.008963 0.699122 -0.083425
v 0.102664 0.700812 -0.085945
v 0.009074 0.715352 -0.068429
v 0.102775 0.717041 -0.070949
v 0.009371 0.699742 -0.067818
v 0.103072 0.701431 -0.070338
v 0.102366 0.716422 -0.086557
v 0.008665 0.714733 -0.084037
v 0.102664 0.700812 -0.085945
v 0.008963 0.699122 -0.083425
vn 0.9995 0.0180 -0.0269
vn -0.9995 -0.0180 0.0269
vn -0.0191 0.9991 -0.0391
vn 0.0191 -0.9991 0.0391
vn 0.0261 0.0396 0.9989
vn -0.0261 -0.0396 -0.9989
vt 0.484375 0.562500
vt 0.484375 0.558594
vt 0.488281 0.562500
vt 0.488281 0.558594
vt 0.453125 0.515625
vt 0.453125 0.511719
vt 0.457031 0.515625
vt 0.457031 0.511719
vt 0.148438 0.542969
vt 0.148438 0.546875
vt 0.125000 0.542969
vt 0.125000 0.546875
vt 0.476562 0.875000
vt 0.476562 0.871094
vt 0.453125 0.875000
vt 0.453125 0.871094
vt 0.453125 0.890625
vt 0.453125 0.886719
vt 0.476562 0.890625
vt 0.476562 0.886719
vt 0.093750 0.546875
vt 0.093750 0.542969
vt 0.117188 0.546875
vt 0.117188 0.542969
s 0
usemtl Material_0
f 697/679/175 699/680/175 698/681/175
f 699/680/175 700/682/175 698/681/175
f 701/683/176 703/684/176 702/685/176
f 703/684/176 704/686/176 702/685/176
f 705/687/177 707/688/177 706/689/177
f 707/688/177 708/690/177 706/689/177
f 709/691/178 711/692/178 710/693/178
f 711/692/178 712/694/178 710/693/178
f 713/695/179 715/696/179 714/697/179
f 715/696/179 716/698/179 714/697/179
f 717/699/180 719/700/180 718/701/180
f 719/700/180 720/702/180 718/701/180
o cube.030
v 0.102179 0.748261 -0.072172
v 0.101770 0.747642 -0.087780
v 0.102477 0.732651 -0.071561
v 0.102068 0.732032 -0.087168
v 0.008069 0.745953 -0.085260
v 0.008478 0.746572 -0.069652
v 0.008367 0.730343 -0.084648
v 0.008776 0.730962 -0.069041
v 0.008069 0.745953 -0.085260
v 0.101770 0.747642 -0.087780
v 0.008478 0.746572 -0.069652
v 0.102179 0.748261 -0.072172
v 0.008776 0.730962 -0.069041
v 0.102477 0.732651 -0.071561
v 0.008367 0.730343 -0.084648
v 0.102068 0.732032 -0.087168
v 0.008478 0.746572 -0.069652
v 0.102179 0.748261 -0.072172
v 0.008776 0.730962 -0.069041
v 0.102477 0.732651 -0.071561
v 0.101770 0.747642 -0.087780
v 0.008069 0.745953 -0.085260
v 0.102068 0.732032 -0.087168
v 0.008367 0.730343 -0.084648
vn 0.9995 0.0180 -0.0269
vn -0.9995 -0.0180 0.0269
vn -0.0191 0.9991 -0.0391
vn 0.0191 -0.9991 0.0391
vn 0.0261 0.0396 0.9989
vn -0.0261 -0.0396 -0.9989
vt 0.484375 0.578125
vt 0.484375 0.574219
vt 0.488281 0.578125
vt 0.488281 0.574219
vt 0.437500 0.515625
vt 0.437500 0.511719
vt 0.441406 0.515625
vt 0.441406 0.511719
vt 0.054688 0.542969
vt 0.054688 0.546875
vt 0.031250 0.542969
vt 0.031250 0.546875
vt 0.085938 0.546875
vt 0.085938 0.542969
vt 0.062500 0.546875
vt 0.062500 0.542969
vt 0.453125 0.984375
vt 0.453125 0.980469
vt 0.476562 0.984375
vt 0.476562 0.980469
vt 0.453125 1.000000
vt 0.453125 0.996094
vt 0.476562 1.000000
vt 0.476562 0.996094
s 0
usemtl Material_0
f 721/703/181 723/704/181 722/705/181
f 723/704/181 724/706/181 722/705/181
f 725/707/182 727/708/182 726/709/182
f 727/708/182 728/710/182 726/709/182
f 729/711/183 731/712/183 730/713/183
f 731/712/183 732/714/183 730/713/183
f 733/715/184 735/716/184 734/717/184
f 735/716/184 736/718/184 734/717/184
f 737/719/185 739/720/185 738/721/185
f 739/720/185 740/722/185 738/721/185
f 741/723/186 743/724/186 742/725/186
f 743/724/186 744/726/186 742/725/186
o cube.031
v -0.005015 0.718544 -0.052598
v -0.010958 0.720158 -0.066958
v -0.010716 0.704014 -0.051872
v -0.016659 0.705628 -0.066233
v -0.050794 0.736705 -0.048614
v -0.044852 0.735091 -0.034253
v -0.056495 0.722176 -0.047888
v -0.050553 0.720561 -0.033527
v -0.050794 0.736705 -0.048614
v -0.010958 0.720158 -0.066958
v -0.044852 0.735091 -0.034253
v -0.005015 0.718544 -0.052598
v -0.050553 0.720561 -0.033527
v -0.010716 0.704014 -0.051872
v -0.056495 0.722176 -0.047888
v -0.016659 0.705628 -0.066233
v -0.044852 0.735091 -0.034253
v -0.005015 0.718544 -0.052598
v -0.050553 0.720561 -0.033527
v -0.010716 0.704014 -0.051872
v -0.010958 0.720158 -0.066958
v -0.050794 0.736705 -0.048614
v -0.016659 0.705628 -0.066233
v -0.056495 0.722176 -0.047888
vn 0.8498 -0.3530 -0.3914
vn -0.8498 0.3530 0.3914
vn 0.3649 0.9299 -0.0464
vn -0.3649 -0.9299 0.0464
vn 0.3803 -0.1033 0.9191
vn -0.3803 0.1033 -0.9191
vt 0.484375 0.625000
vt 0.484375 0.621094
vt 0.488281 0.625000
vt 0.488281 0.621094
vt 0.390625 0.515625
vt 0.390625 0.511719
vt 0.394531 0.515625
vt 0.394531 0.511719
vt 0.433594 0.527344
vt 0.433594 0.531250
vt 0.421875 0.527344
vt 0.421875 0.531250
vt 0.480469 0.578125
vt 0.480469 0.574219
vt 0.468750 0.578125
vt 0.468750 0.574219
vt 0.406250 0.531250
vt 0.406250 0.527344
vt 0.417969 0.531250
vt 0.417969 0.527344
vt 0.390625 0.531250
vt 0.390625 0.527344
vt 0.402344 0.531250
vt 0.402344 0.527344
s 0
usemtl Material_0
f 745/727/187 747/728/187 746/729/187
f 747/728/187 748/730/187 746/729/187
f 749/731/188 751/732/188 750/733/188
f 751/732/188 752/734/188 750/733/188
f 753/735/189 755/736/189 754/737/189
f 755/736/189 756/738/189 754/737/189
f 757/739/190 759/740/190 758/741/190
f 759/740/190 760/742/190 758/741/190
f 761/743/191 763/744/191 762/745/191
f 763/744/191 764/746/191 762/745/191
f 765/747/192 767/748/192 766/749/192
f 767/748/192 768/750/192 766/749/192
o cube.032
v -0.043500 0.664250 -0.031478
v -0.049355 0.661293 -0.045659
v -0.049751 0.678565 -0.031882
v -0.055607 0.675607 -0.046063
v -0.010151 0.677860 -0.065301
v -0.004295 0.680817 -0.051120
v -0.016402 0.692174 -0.065705
v -0.010547 0.695132 -0.051524
v -0.010151 0.677860 -0.065301
v -0.049355 0.661293 -0.045659
v -0.004295 0.680817 -0.051120
v -0.043500 0.664250 -0.031478
v -0.010547 0.695132 -0.051524
v -0.049751 0.678565 -0.031882
v -0.016402 0.692174 -0.065705
v -0.055607 0.675607 -0.046063
v -0.004295 0.680817 -0.051120
v -0.043500 0.664250 -0.031478
v -0.010547 0.695132 -0.051524
v -0.049751 0.678565 -0.031882
v -0.049355 0.661293 -0.045659
v -0.010151 0.677860 -0.065301
v -0.055607 0.675607 -0.046063
v -0.016402 0.692174 -0.065705
vn -0.8364 -0.3534 0.4190
vn 0.8364 0.3534 -0.4190
vn 0.4001 -0.9161 0.0259
vn -0.4001 0.9161 -0.0259
vn 0.3747 0.1893 0.9076
vn -0.3747 -0.1893 -0.9076
vt 0.484375 0.593750
vt 0.484375 0.589844
vt 0.488281 0.593750
vt 0.488281 0.589844
vt 0.421875 0.515625
vt 0.421875 0.511719
vt 0.425781 0.515625
vt 0.425781 0.511719
vt 0.496094 0.996094
vt 0.496094 1.000000
vt 0.484375 0.996094
vt 0.484375 1.000000
vt 0.027344 0.515625
vt 0.027344 0.511719
vt 0.015625 0.515625
vt 0.015625 0.511719
vt 0.000000 0.515625
vt 0.000000 0.511719
vt 0.011719 0.515625
vt 0.011719 0.511719
vt 0.468750 0.531250
vt 0.468750 0.527344
vt 0.480469 0.531250
vt 0.480469 0.527344
s 0
usemtl Material_0
f 769/751/193 771/752/193 770/753/193
f 771/752/193 772/754/193 770/753/193
f 773/755/194 775/756/194 774/757/194
f 775/756/194 776/758/194 774/757/194
f 777/759/195 779/760/195 778/761/195
f 779/760/195 780/762/195 778/761/195
f 781/763/196 783/764/196 782/765/196
f 783/764/196 784/766/196 782/765/196
f 785/767/197 787/768/197 786/769/197
f 787/768/197 788/770/197 786/769/197
f 789/771/198 791/772/198 790/773/198
f 791/772/198 792/774/198 790/773/198
o cube.033
v 0.000597 0.685585 -0.051436
v 0.006251 0.681631 -0.065456
v 0.014239 0.692294 -0.047827
v 0.019893 0.688340 -0.061846
v 0.021569 0.640993 -0.047815
v 0.015915 0.644947 -0.033796
v 0.035211 0.647702 -0.044206
v 0.029557 0.651656 -0.030186
v 0.021569 0.640993 -0.047815
v 0.006251 0.681631 -0.065456
v 0.015915 0.644947 -0.033796
v 0.000597 0.685585 -0.051436
v 0.029557 0.651656 -0.030186
v 0.014239 0.692294 -0.047827
v 0.035211 0.647702 -0.044206
v 0.019893 0.688340 -0.061846
v 0.015915 0.644947 -0.033796
v 0.000597 0.685585 -0.051436
v 0.029557 0.651656 -0.030186
v 0.014239 0.692294 -0.047827
v 0.006251 0.681631 -0.065456
v 0.021569 0.640993 -0.047815
v 0.019893 0.688340 -0.061846
v 0.035211 0.647702 -0.044206
vn -0.3268 0.8669 -0.3763
vn 0.3268 -0.8669 0.3763
vn -0.8731 -0.4294 -0.2310
vn 0.8731 0.4294 0.2310
vn -0.3619 0.2531 0.8972
vn 0.3619 -0.2531 -0.8972
vt 0.484375 0.609375
vt 0.484375 0.605469
vt 0.488281 0.609375
vt 0.488281 0.605469
vt 0.406250 0.515625
vt 0.406250 0.511719
vt 0.410156 0.515625
vt 0.410156 0.511719
vt 0.464844 0.527344
vt 0.464844 0.531250
vt 0.453125 0.527344
vt 0.453125 0.531250
vt 0.480469 0.546875
vt 0.480469 0.542969
vt 0.468750 0.546875
vt 0.468750 0.542969
vt 0.468750 0.562500
vt 0.468750 0.558594
vt 0.480469 0.562500
vt 0.480469 0.558594
vt 0.437500 0.531250
vt 0.437500 0.527344
vt 0.449219 0.531250
vt 0.449219 0.527344
s 0
usemtl Material_0
f 793/775/199 795/776/199 794/777/199
f 795/776/199 796/778/199 794/777/199
f 797/779/200 799/780/200 798/781/200
f 799/780/200 800/782/200 798/781/200
f 801/783/201 803/784/201 802/785/201
f 803/784/201 804/786/201 802/785/201
f 805/787/202 807/788/202 806/789/202
f 807/788/202 808/790/202 806/789/202
f 809/791/203 811/792/203 810/793/203
f 811/792/203 812/794/203 810/793/203
f 813/795/204 815/796/204 814/797/204
f 815/796/204 816/798/204 814/797/204
o cube.034
v -0.007735 0.777511 -0.070456
v -0.008143 0.776892 -0.086063
v -0.007437 0.761901 -0.069844
v -0.007845 0.761282 -0.085451
v -0.117461 0.774921 -0.083123
v -0.117052 0.775541 -0.067516
v -0.117163 0.759311 -0.082511
v -0.116754 0.759930 -0.066904
v -0.117461 0.774921 -0.083123
v -0.008143 0.776892 -0.086063
v -0.117052 0.775541 -0.067516
v -0.007735 0.777511 -0.070456
v -0.116754 0.759930 -0.066904
v -0.007437 0.761901 -0.069844
v -0.117163 0.759311 -0.082511
v -0.007845 0.761282 -0.085451
v -0.117052 0.775541 -0.067516
v -0.007735 0.777511 -0.070456
v -0.116754 0.759930 -0.066904
v -0.007437 0.761901 -0.069844
v -0.008143 0.776892 -0.086063
v -0.117461 0.774921 -0.083123
v -0.007845 0.761282 -0.085451
v -0.117163 0.759311 -0.082511
vn 0.9995 0.0180 -0.0269
vn -0.9995 -0.0180 0.0269
vn -0.0191 0.9991 -0.0391
vn 0.0191 -0.9991 0.0391
vn 0.0261 0.0396 0.9989
vn -0.0261 -0.0396 -0.9989
vt 0.109375 0.500000
vt 0.109375 0.496094
vt 0.113281 0.500000
vt 0.113281 0.496094
vt 0.500000 0.890625
vt 0.500000 0.886719
vt 0.503906 0.890625
vt 0.503906 0.886719
vt 0.449219 0.589844
vt 0.449219 0.593750
vt 0.421875 0.589844
vt 0.421875 0.593750
vt 0.449219 0.578125
vt 0.449219 0.574219
vt 0.421875 0.578125
vt 0.421875 0.574219
vt 0.421875 0.609375
vt 0.421875 0.605469
vt 0.449219 0.609375
vt 0.449219 0.605469
vt 0.421875 0.625000
vt 0.421875 0.621094
vt 0.449219 0.625000
vt 0.449219 0.621094
s 0
usemtl Material_0
f 817/799/205 819/800/205 818/801/205
f 819/800/205 820/802/205 818/801/205
f 821/803/206 823/804/206 822/805/206
f 823/804/206 824/806/206 822/805/206
f 825/807/207 827/808/207 826/809/207
f 827/808/207 828/810/207 826/809/207
f 829/811/208 831/812/208 830/813/208
f 831/812/208 832/814/208 830/813/208
f 833/815/209 835/816/209 834/817/209
f 835/816/209 836/818/209 834/817/209
f 837/819/210 839/820/210 838/821/210
f 839/820/210 840/822/210 838/821/210
o cube.035
v 0.101583 0.779482 -0.073396
v 0.101175 0.778862 -0.089003
v 0.101881 0.763872 -0.072784
v 0.101472 0.763252 -0.088391
v -0.008143 0.776892 -0.086063
v -0.007735 0.777511 -0.070456
v -0.007845 0.761282 -0.085451
v -0.007437 0.761901 -0.069844
v -0.008143 0.776892 -0.086063
v 0.101175 0.778862 -0.089003
v -0.007735 0.777511 -0.070456
v 0.101583 0.779482 -0.073396
v -0.007437 0.761901 -0.069844
v 0.101881 0.763872 -0.072784
v -0.007845 0.761282 -0.085451
v 0.101472 0.763252 -0.088391
v -0.007735 0.777511 -0.070456
v 0.101583 0.779482 -0.073396
v -0.007437 0.761901 -0.069844
v 0.101881 0.763872 -0.072784
v 0.101175 0.778862 -0.089003
v -0.008143 0.776892 -0.086063
v 0.101472 0.763252 -0.088391
v -0.007845 0.761282 -0.085451
vn 0.9995 0.0180 -0.0269
vn -0.9995 -0.0180 0.0269
vn -0.0191 0.9991 -0.0391
vn 0.0191 -0.9991 0.0391
vn 0.0261 0.0396 0.9989
vn -0.0261 -0.0396 -0.9989
vt 0.093750 0.500000
vt 0.093750 0.496094
vt 0.097656 0.500000
vt 0.097656 0.496094
vt 0.500000 0.906250
vt 0.500000 0.902344
vt 0.503906 0.906250
vt 0.503906 0.902344
vt 0.449219 0.699219
vt 0.449219 0.703125
vt 0.421875 0.699219
vt 0.421875 0.703125
vt 0.355469 0.578125
vt 0.355469 0.574219
vt 0.328125 0.578125
vt 0.328125 0.574219
vt 0.421875 0.718750
vt 0.421875 0.714844
vt 0.449219 0.718750
vt 0.449219 0.714844
vt 0.421875 0.734375
vt 0.421875 0.730469
vt 0.449219 0.734375
vt 0.449219 0.730469
s 0
usemtl Material_0
f 841/823/211 843/824/211 842/825/211
f 843/824/211 844/826/211 842/825/211
f 845/827/212 847/828/212 846/829/212
f 847/828/212 848/830/212 846/829/212
f 849/831/213 851/832/213 850/833/213
f 851/832/213 852/834/213 850/833/213
f 853/835/214 855/836/214 854/837/214
f 855/836/214 856/838/214 854/837/214
f 857/839/215 859/840/215 858/841/215
f 859/840/215 860/842/215 858/841/215
f 861/843/216 863/844/216 862/845/216
f 863/844/216 864/846/216 862/845/216
o cube.036
v 0.041567 0.782071 0.021929
v 0.041159 0.781452 0.006321
v 0.044546 0.625970 0.028045
v 0.044137 0.625350 0.012437
v -0.052542 0.779763 0.008841
v -0.052134 0.780382 0.024449
v -0.049564 0.623661 0.014957
v -0.049155 0.624280 0.030565
v -0.052542 0.779763 0.008841
v 0.041159 0.781452 0.006321
v -0.052134 0.780382 0.024449
v 0.041567 0.782071 0.021929
v -0.049155 0.624280 0.030565
v 0.044546 0.625970 0.028045
v -0.049564 0.623661 0.014957
v 0.044137 0.625350 0.012437
v -0.052134 0.780382 0.024449
v 0.041567 0.782071 0.021929
v -0.049155 0.624280 0.030565
v 0.044546 0.625970 0.028045
v 0.041159 0.781452 0.006321
v -0.052542 0.779763 0.008841
v 0.044137 0.625350 0.012437
v -0.049564 0.623661 0.014957
vn 0.9995 0.0180 -0.0269
vn -0.9995 -0.0180 0.0269
vn -0.0191 0.9991 -0.0391
vn 0.0191 -0.9991 0.0391
vn 0.0261 0.0396 0.9989
vn -0.0261 -0.0396 -0.9989
vt 0.406250 0.921875
vt 0.406250 0.882812
vt 0.410156 0.921875
vt 0.410156 0.882812
vt 0.093750 0.593750
vt 0.093750 0.554688
vt 0.097656 0.593750
vt 0.097656 0.554688
vt 0.460938 0.964844
vt 0.460938 0.968750
vt 0.437500 0.964844
vt 0.437500 0.968750
vt 0.460938 0.953125
vt 0.460938 0.949219
vt 0.437500 0.953125
vt 0.437500 0.949219
vt 0.062500 0.718750
vt 0.062500 0.679688
vt 0.085938 0.718750
vt 0.085938 0.679688
vt 0.031250 0.718750
vt 0.031250 0.679688
vt 0.054688 0.718750
vt 0.054688 0.679688
s 0
usemtl Material_0
f 865/847/217 867/848/217 866/849/217
f 867/848/217 868/850/217 866/849/217
f 869/851/218 871/852/218 870/853/218
f 871/852/218 872/854/218 870/853/218
f 873/855/219 875/856/219 874/857/219
f 875/856/219 876/858/219 874/857/219
f 877/859/220 879/860/220 878/861/220
f 879/860/220 880/862/220 878/861/220
f 881/863/221 883/864/221 882/865/221
f 883/864/221 884/866/221 882/865/221
f 885/867/222 887/868/222 886/869/222
f 887/868/222 888/870/222 886/869/222
o cube.037
v 0.004636 0.757617 -0.037261
v 0.005474 0.761485 -0.052376
v 0.018940 0.751380 -0.038064
v 0.019778 0.755248 -0.053179
v -0.013222 0.720101 -0.064002
v -0.014060 0.716233 -0.048886
v 0.001082 0.713865 -0.064805
v 0.000244 0.709997 -0.049689
v -0.013222 0.720101 -0.064002
v 0.005474 0.761485 -0.052376
v -0.014060 0.716233 -0.048886
v 0.004636 0.757617 -0.037261
v 0.000244 0.709997 -0.049689
v 0.018940 0.751380 -0.038064
v 0.001082 0.713865 -0.064805
v 0.019778 0.755248 -0.053179
v -0.014060 0.716233 -0.048886
v 0.004636 0.757617 -0.037261
v 0.000244 0.709997 -0.049689
v 0.018940 0.751380 -0.038064
v 0.005474 0.761485 -0.052376
v -0.013222 0.720101 -0.064002
v 0.019778 0.755248 -0.053179
v 0.001082 0.713865 -0.064805
vn 0.3988 0.8828 0.2480
vn -0.3988 -0.8828 -0.2480
vn -0.9154 0.3991 0.0514
vn 0.9154 -0.3991 -0.0514
vn -0.0536 -0.2475 0.9674
vn 0.0536 0.2475 -0.9674
vt 0.484375 0.640625
vt 0.484375 0.636719
vt 0.488281 0.640625
vt 0.488281 0.636719
vt 0.375000 0.515625
vt 0.375000 0.511719
vt 0.378906 0.515625
vt 0.378906 0.511719
vt 0.371094 0.527344
vt 0.371094 0.531250
vt 0.359375 0.527344
vt 0.359375 0.531250
vt 0.386719 0.531250
vt 0.386719 0.527344
vt 0.375000 0.531250
vt 0.375000 0.527344
vt 0.343750 0.531250
vt 0.343750 0.527344
vt 0.355469 0.531250
vt 0.355469 0.527344
vt 0.328125 0.531250
vt 0.328125 0.527344
vt 0.339844 0.531250
vt 0.339844 0.527344
s 0
usemtl Material_0
f 889/871/223 891/872/223 890/873/223
f 891/872/223 892/874/223 890/873/223
f 893/875/224 895/876/224 894/877/224
f 895/876/224 896/878/224 894/877/224
f 897/879/225 899/880/225 898/881/225
f 899/880/225 900/882/225 898/881/225
f 901/883/226 903/884/226 902/885/226
f 903/884/226 904/886/226 902/885/226
f 905/887/227 907/888/227 906/889/227
f 907/888/227 908/890/227 906/889/227
f 909/891/228 911/892/228 910/893/228
f 911/892/228 912/894/228 910/893/228
o cube.038
v 0.122145 0.674827 0.039717
v 0.121736 0.674208 0.024110
v 0.123038 0.627996 0.041552
v 0.122630 0.627377 0.025945
v -0.128133 0.669703 0.030830
v -0.127724 0.670323 0.046437
v -0.127239 0.622873 0.032665
v -0.126831 0.623492 0.048272
v -0.128133 0.669703 0.030830
v 0.121736 0.674208 0.024110
v -0.127724 0.670323 0.046437
v 0.122145 0.674827 0.039717
v -0.126831 0.623492 0.048272
v 0.123038 0.627996 0.041552
v -0.127239 0.622873 0.032665
v 0.122630 0.627377 0.025945
v -0.127724 0.670323 0.046437
v 0.122145 0.674827 0.039717
v -0.126831 0.623492 0.048272
v 0.123038 0.627996 0.041552
v 0.121736 0.674208 0.024110
v -0.128133 0.669703 0.030830
v 0.122630 0.627377 0.025945
v -0.127239 0.622873 0.032665
vn 0.9995 0.0180 -0.0269
vn -0.9995 -0.0180 0.0269
vn -0.0191 0.9991 -0.0391
vn 0.0191 -0.9991 0.0391
vn 0.0261 0.0396 0.9989
vn -0.0261 -0.0396 -0.9989
vt 0.484375 0.921875
vt 0.484375 0.910156
vt 0.488281 0.921875
vt 0.488281 0.910156
vt 0.093750 0.515625
vt 0.093750 0.503906
vt 0.097656 0.515625
vt 0.097656 0.503906
vt 0.453125 0.839844
vt 0.453125 0.843750
vt 0.390625 0.839844
vt 0.390625 0.843750
vt 0.234375 0.609375
vt 0.234375 0.605469
vt 0.171875 0.609375
vt 0.171875 0.605469
vt 0.328125 1.000000
vt 0.328125 0.988281
vt 0.390625 1.000000
vt 0.390625 0.988281
vt 0.000000 0.671875
vt 0.000000 0.660156
vt 0.062500 0.671875
vt 0.062500 0.660156
s 0
usemtl Material_0
f 913/895/229 915/896/229 914/897/229
f 915/896/229 916/898/229 914/897/229
f 917/899/230 919/900/230 918/901/230
f 919/900/230 920/902/230 918/901/230
f 921/903/231 923/904/231 922/905/231
f 923/904/231 924/906/231 922/905/231
f 925/907/232 927/908/232 926/909/232
f 927/908/232 928/910/232 926/909/232
f 929/911/233 931/912/233 930/913/233
f 931/912/233 932/914/233 930/913/233
f 933/915/234 935/916/234 934/917/234
f 935/916/234 936/918/234 934/917/234
o cube.039
v 0.055495 0.771761 -0.048419
v 0.054677 0.770522 -0.079634
v 0.058175 0.631269 -0.042914
v 0.057358 0.630031 -0.074129
v -0.070257 0.768270 -0.076274
v -0.069440 0.769509 -0.045059
v -0.067577 0.627779 -0.070769
v -0.066759 0.629017 -0.039554
v -0.070257 0.768270 -0.076274
v 0.054677 0.770522 -0.079634
v -0.069440 0.769509 -0.045059
v 0.055495 0.771761 -0.048419
v -0.066759 0.629017 -0.039554
v 0.058175 0.631269 -0.042914
v -0.067577 0.627779 -0.070769
v 0.057358 0.630031 -0.074129
v -0.069440 0.769509 -0.045059
v 0.055495 0.771761 -0.048419
v -0.066759 0.629017 -0.039554
v 0.058175 0.631269 -0.042914
v 0.054677 0.770522 -0.079634
v -0.070257 0.768270 -0.076274
v 0.057358 0.630031 -0.074129
v -0.067577 0.627779 -0.070769
vn 0.9995 0.0180 -0.0269
vn -0.9995 -0.0180 0.0269
vn -0.0191 0.9991 -0.0391
vn 0.0191 -0.9991 0.0391
vn 0.0261 0.0396 0.9989
vn -0.0261 -0.0396 -0.9989
vt 0.375000 0.687500
vt 0.375000 0.652344
vt 0.382812 0.687500
vt 0.382812 0.652344
vt 0.375000 0.640625
vt 0.375000 0.605469
vt 0.382812 0.640625
vt 0.382812 0.605469
vt 0.031250 0.601562
vt 0.031250 0.609375
vt 0.000000 0.601562
vt 0.000000 0.609375
vt 0.421875 1.000000
vt 0.421875 0.992188
vt 0.390625 1.000000
vt 0.390625 0.992188
vt 0.234375 0.843750
vt 0.234375 0.808594
vt 0.265625 0.843750
vt 0.265625 0.808594
vt 0.140625 0.765625
vt 0.140625 0.730469
vt 0.171875 0.765625
vt 0.171875 0.730469
s 0
usemtl Material_0
f 937/919/235 939/920/235 938/921/235
f 939/920/235 940/922/235 938/921/235
f 941/923/236 943/924/236 942/925/236
f 943/924/236 944/926/236 942/925/236
f 945/927/237 947/928/237 946/929/237
f 947/928/237 948/930/237 946/929/237
f 949/931/238 951/932/238 950/933/238
f 951/932/238 952/934/238 950/933/238
f 953/935/239 955/936/239 954/937/239
f 955/936/239 956/938/239 954/937/239
f 957/939/240 959/940/240 958/941/240
f 959/940/240 960/942/240 958/941/240
o cube.040
v 0.255071 0.690190 0.015414
v 0.229473 0.699742 -0.106563
v 0.211102 0.676121 0.023540
v 0.185503 0.685674 -0.098437
v 0.203259 0.788883 -0.094081
v 0.228857 0.779330 0.027896
v 0.159289 0.774814 -0.085955
v 0.184887 0.765262 0.036022
v 0.203259 0.788883 -0.094081
v 0.229473 0.699742 -0.106563
v 0.228857 0.779330 0.027896
v 0.255071 0.690190 0.015414
v 0.184887 0.765262 0.036022
v 0.211102 0.676121 0.023540
v 0.159289 0.774814 -0.085955
v 0.185503 0.685674 -0.098437
v 0.228857 0.779330 0.027896
v 0.255071 0.690190 0.015414
v 0.184887 0.765262 0.036022
v 0.211102 0.676121 0.023540
v 0.229473 0.699742 -0.106563
v 0.203259 0.788883 -0.094081
v 0.185503 0.685674 -0.098437
v 0.159289 0.774814 -0.085955
vn 0.2796 -0.9508 -0.1331
vn -0.2796 0.9508 0.1331
vn 0.9380 0.3001 -0.1733
vn -0.9380 -0.3001 0.1733
vn 0.2048 -0.0764 0.9758
vn -0.2048 0.0764 -0.9758
vt 0.375000 0.906250
vt 0.375000 0.894531
vt 0.406250 0.906250
vt 0.406250 0.894531
vt 0.375000 0.890625
vt 0.375000 0.878906
vt 0.406250 0.890625
vt 0.406250 0.878906
vt 0.335938 0.703125
vt 0.335938 0.734375
vt 0.312500 0.703125
vt 0.312500 0.734375
vt 0.335938 0.671875
vt 0.312500 0.671875
vt 0.375000 0.703125
vt 0.375000 0.691406
vt 0.398438 0.703125
vt 0.398438 0.691406
vt 0.375000 0.718750
vt 0.375000 0.707031
vt 0.398438 0.718750
vt 0.398438 0.707031
s 0
usemtl Material_0
f 961/943/241 963/944/241 962/945/241
f 963/944/241 964/946/241 962/945/241
f 965/947/242 967/948/242 966/949/242
f 967/948/242 968/950/242 966/949/242
f 969/951/243 971/952/243 970/953/243
f 971/952/243 972/954/243 970/953/243
f 973/951/244 975/955/244 974/953/244
f 975/955/244 976/956/244 974/953/244
f 977/957/245 979/958/245 978/959/245
f 979/958/245 980/960/245 978/959/245
f 981/961/246 983/962/246 982/963/246
f 983/962/246 984/964/246 982/963/246
o cube.041
v 0.250322 0.642124 -0.003366
v 0.231123 0.649288 -0.094849
v 0.162383 0.613987 0.012886
v 0.143184 0.621151 -0.078597
v 0.187433 0.797856 -0.074045
v 0.206631 0.790692 0.017438
v 0.099494 0.769719 -0.057793
v 0.118692 0.762555 0.033690
v 0.187433 0.797856 -0.074045
v 0.231123 0.649288 -0.094849
v 0.206631 0.790692 0.017438
v 0.250322 0.642124 -0.003366
v 0.118692 0.762555 0.033690
v 0.162383 0.613987 0.012886
v 0.099494 0.769719 -0.057793
v 0.143184 0.621151 -0.078597
v 0.206631 0.790692 0.017438
v 0.250322 0.642124 -0.003366
v 0.118692 0.762555 0.033690
v 0.162383 0.613987 0.012886
v 0.231123 0.649288 -0.094849
v 0.187433 0.797856 -0.074045
v 0.143184 0.621151 -0.078597
v 0.099494 0.769719 -0.057793
vn 0.2796 -0.9508 -0.1331
vn -0.2796 0.9508 0.1331
vn 0.9380 0.3001 -0.1733
vn -0.9380 -0.3001 0.1733
vn 0.2048 -0.0764 0.9758
vn -0.2048 0.0764 -0.9758
vt 0.093750 0.640625
vt 0.093750 0.617188
vt 0.117188 0.640625
vt 0.117188 0.617188
vt 0.359375 0.859375
vt 0.359375 0.835938
vt 0.382812 0.859375
vt 0.382812 0.835938
vt 0.304688 0.804688
vt 0.304688 0.828125
vt 0.265625 0.804688
vt 0.265625 0.828125
vt 0.304688 0.796875
vt 0.304688 0.773438
vt 0.265625 0.796875
vt 0.265625 0.773438
vt 0.265625 0.859375
vt 0.265625 0.835938
vt 0.304688 0.859375
vt 0.304688 0.835938
vt 0.265625 0.890625
vt 0.265625 0.867188
vt 0.304688 0.890625
vt 0.304688 0.867188
s 0
usemtl Material_0
f 985/965/247 987/966/247 986/967/247
f 987/966/247 988/968/247 986/967/247
f 989/969/248 991/970/248 990/971/248
f 991/970/248 992/972/248 990/971/248
f 993/973/249 995/974/249 994/975/249
f 995/974/249 996/976/249 994/975/249
f 997/977/250 999/978/250 998/979/250
f 999/978/250 1000/980/250 998/979/250
f 1001/981/251 1003/982/251 1002/983/251
f 1003/982/251 1004/984/251 1002/983/251
f 1005/985/252 1007/986/252 1006/987/252
f 1007/986/252 1008/988/252 1006/987/252
o cube.042
v 0.261984 0.499266 -0.075267
v 0.244978 0.533270 -0.143516
v 0.186370 0.482717 -0.064671
v 0.169365 0.516721 -0.132921
v 0.227257 0.656322 -0.077793
v 0.244263 0.622317 -0.009543
v 0.151644 0.639773 -0.067197
v 0.168649 0.605769 0.001052
v 0.227257 0.656322 -0.077793
v 0.244978 0.533270 -0.143516
v 0.244263 0.622317 -0.009543
v 0.261984 0.499266 -0.075267
v 0.168649 0.605769 0.001052
v 0.186370 0.482717 -0.064671
v 0.151644 0.639773 -0.067197
v 0.169365 0.516721 -0.132921
v 0.244263 0.622317 -0.009543
v 0.261984 0.499266 -0.075267
v 0.168649 0.605769 0.001052
v 0.186370 0.482717 -0.064671
v 0.244978 0.533270 -0.143516
v 0.227257 0.656322 -0.077793
v 0.169365 0.516721 -0.132921
v 0.151644 0.639773 -0.067197
vn 0.1260 -0.8750 -0.4674
vn -0.1260 0.8750 0.4674
vn 0.9679 0.2118 -0.1356
vn -0.9679 -0.2118 0.1356
vn 0.2177 -0.4353 0.8736
vn -0.2177 0.4353 -0.8736
vt 0.375000 0.968750
vt 0.375000 0.949219
vt 0.394531 0.968750
vt 0.394531 0.949219
vt 0.375000 0.937500
vt 0.375000 0.917969
vt 0.394531 0.937500
vt 0.394531 0.917969
vt 0.332031 0.652344
vt 0.332031 0.671875
vt 0.296875 0.652344
vt 0.296875 0.671875
vt 0.035156 0.656250
vt 0.035156 0.636719
vt 0.000000 0.656250
vt 0.000000 0.636719
vt 0.250000 0.671875
vt 0.250000 0.652344
vt 0.285156 0.671875
vt 0.285156 0.652344
vt 0.328125 0.765625
vt 0.328125 0.746094
vt 0.363281 0.765625
vt 0.363281 0.746094
s 0
usemtl Material_0
f 1009/989/253 1011/990/253 1010/991/253
f 1011/990/253 1012/992/253 1010/991/253
f 1013/993/254 1015/994/254 1014/995/254
f 1015/994/254 1016/996/254 1014/995/254
f 1017/997/255 1019/998/255 1018/999/255
f 1019/998/255 1020/1000/255 1018/999/255
f 1021/1001/256 1023/1002/256 1022/1003/256
f 1023/1002/256 1024/1004/256 1022/1003/256
f 1025/1005/257 1027/1006/257 1026/1007/257
f 1027/1006/257 1028/1008/257 1026/1007/257
f 1029/1009/258 1031/1010/258 1030/1011/258
f 1031/1010/258 1032/1012/258 1030/1011/258
o cube.043
v 0.278539 0.509447 -0.056433
v 0.254731 0.557053 -0.151983
v 0.172680 0.486279 -0.041599
v 0.148872 0.533885 -0.137149
v 0.240948 0.652760 -0.100865
v 0.264756 0.605154 -0.005315
v 0.135089 0.629592 -0.086031
v 0.158897 0.581986 0.009519
v 0.240948 0.652760 -0.100865
v 0.254731 0.557053 -0.151983
v 0.264756 0.605154 -0.005315
v 0.278539 0.509447 -0.056433
v 0.158897 0.581986 0.009519
v 0.172680 0.486279 -0.041599
v 0.135089 0.629592 -0.086031
v 0.148872 0.533885 -0.137149
v 0.264756 0.605154 -0.005315
v 0.278539 0.509447 -0.056433
v 0.158897 0.581986 0.009519
v 0.172680 0.486279 -0.041599
v 0.254731 0.557053 -0.151983
v 0.240948 0.652760 -0.100865
v 0.148872 0.533885 -0.137149
v 0.135089 0.629592 -0.086031
vn 0.1260 -0.8750 -0.4674
vn -0.1260 0.8750 0.4674
vn 0.9679 0.2118 -0.1356
vn -0.9679 -0.2118 0.1356
vn 0.2177 -0.4353 0.8736
vn -0.2177 0.4353 -0.8736
vt 0.296875 0.765625
vt 0.296875 0.738281
vt 0.324219 0.765625
vt 0.324219 0.738281
vt 0.312500 0.953125
vt 0.312500 0.925781
vt 0.339844 0.953125
vt 0.339844 0.925781
vt 0.339844 0.894531
vt 0.339844 0.921875
vt 0.312500 0.894531
vt 0.312500 0.921875
vt 0.339844 0.890625
vt 0.339844 0.863281
vt 0.312500 0.890625
vt 0.312500 0.863281
vt 0.312500 0.984375
vt 0.312500 0.957031
vt 0.339844 0.984375
vt 0.339844 0.957031
vt 0.000000 0.703125
vt 0.000000 0.675781
vt 0.027344 0.703125
vt 0.027344 0.675781
s 0
usemtl Material_0
f 1033/1013/259 1035/1014/259 1034/1015/259
f 1035/1014/259 1036/1016/259 1034/1015/259
f 1037/1017/260 1039/1018/260 1038/1019/260
f 1039/1018/260 1040/1020/260 1038/1019/260
f 1041/1021/261 1043/1022/261 1042/1023/261
f 1043/1022/261 1044/1024/261 1042/1023/261
f 1045/1025/262 1047/1026/262 1046/1027/262
f 1047/1026/262 1048/1028/262 1046/1027/262
f 1049/1029/263 1051/1030/263 1050/1031/263
f 1051/1030/263 1052/1032/263 1050/1031/263
f 1053/1033/264 1055/1034/264 1054/1035/264
f 1055/1034/264 1056/1036/264 1054/1035/264
o cube.044
v 0.252814 0.408866 -0.109079
v 0.232407 0.449671 -0.190978
v 0.222569 0.402247 -0.104840
v 0.202162 0.443052 -0.186740
v 0.220594 0.531706 -0.147163
v 0.241000 0.490901 -0.065263
v 0.190348 0.525086 -0.142925
v 0.210755 0.484281 -0.061025
v 0.220594 0.531706 -0.147163
v 0.232407 0.449671 -0.190978
v 0.241000 0.490901 -0.065263
v 0.252814 0.408866 -0.109079
v 0.210755 0.484281 -0.061025
v 0.222569 0.402247 -0.104840
v 0.190348 0.525086 -0.142925
v 0.202162 0.443052 -0.186740
v 0.241000 0.490901 -0.065263
v 0.252814 0.408866 -0.109079
v 0.210755 0.484281 -0.061025
v 0.222569 0.402247 -0.104840
v 0.232407 0.449671 -0.190978
v 0.220594 0.531706 -0.147163
v 0.202162 0.443052 -0.186740
v 0.190348 0.525086 -0.142925
vn 0.1260 -0.8750 -0.4674
vn -0.1260 0.8750 0.4674
vn 0.9679 0.2118 -0.1356
vn -0.9679 -0.2118 0.1356
vn 0.2177 -0.4353 0.8736
vn -0.2177 0.4353 -0.8736
vt 0.390625 0.625000
vt 0.390625 0.617188
vt 0.414062 0.625000
vt 0.414062 0.617188
vt 0.000000 0.593750
vt 0.000000 0.585938
vt 0.023438 0.593750
vt 0.023438 0.585938
vt 0.367188 0.648438
vt 0.367188 0.671875
vt 0.343750 0.648438
vt 0.343750 0.671875
vt 0.085938 0.640625
vt 0.085938 0.617188
vt 0.062500 0.640625
vt 0.062500 0.617188
vt 0.390625 0.609375
vt 0.390625 0.601562
vt 0.414062 0.609375
vt 0.414062 0.601562
vt 0.343750 0.609375
vt 0.343750 0.601562
vt 0.367188 0.609375
vt 0.367188 0.601562
s 0
usemtl Material_0
f 1057/1037/265 1059/1038/265 1058/1039/265
f 1059/1038/265 1060/1040/265 1058/1039/265
f 1061/1041/266 1063/1042/266 1062/1043/266
f 1063/1042/266 1064/1044/266 1062/1043/266
f 1065/1045/267 1067/1046/267 1066/1047/267
f 1067/1046/267 1068/1048/267 1066/1047/267
f 1069/1049/268 1071/1050/268 1070/1051/268
f 1071/1050/268 1072/1052/268 1070/1051/268
f 1073/1053/269 1075/1054/269 1074/1055/269
f 1075/1054/269 1076/1056/269 1074/1055/269
f 1077/1057/270 1079/1058/270 1078/1059/270
f 1079/1058/270 1080/1060/270 1078/1059/270
o cube.045
v 0.220149 0.460105 -0.146954
v 0.209946 0.480507 -0.187904
v 0.189904 0.453485 -0.142716
v 0.179700 0.473888 -0.183666
v 0.204039 0.521524 -0.165996
v 0.214242 0.501122 -0.125046
v 0.173793 0.514905 -0.161758
v 0.183997 0.494503 -0.120808
v 0.204039 0.521524 -0.165996
v 0.209946 0.480507 -0.187904
v 0.214242 0.501122 -0.125046
v 0.220149 0.460105 -0.146954
v 0.183997 0.494503 -0.120808
v 0.189904 0.453485 -0.142716
v 0.173793 0.514905 -0.161758
v 0.179700 0.473888 -0.183666
v 0.214242 0.501122 -0.125046
v 0.220149 0.460105 -0.146954
v 0.183997 0.494503 -0.120808
v 0.189904 0.453485 -0.142716
v 0.209946 0.480507 -0.187904
v 0.204039 0.521524 -0.165996
v 0.179700 0.473888 -0.183666
v 0.173793 0.514905 -0.161758
vn 0.1260 -0.8750 -0.4674
vn -0.1260 0.8750 0.4674
vn 0.9679 0.2118 -0.1356
vn -0.9679 -0.2118 0.1356
vn 0.2177 -0.4353 0.8736
vn -0.2177 0.4353 -0.8736
vt 0.000000 0.562500
vt 0.000000 0.554688
vt 0.011719 0.562500
vt 0.011719 0.554688
vt 0.437500 0.984375
vt 0.437500 0.976562
vt 0.449219 0.984375
vt 0.449219 0.976562
vt 0.417969 0.722656
vt 0.417969 0.734375
vt 0.406250 0.722656
vt 0.406250 0.734375
vt 0.292969 0.593750
vt 0.292969 0.582031
vt 0.281250 0.593750
vt 0.281250 0.582031
vt 0.015625 0.562500
vt 0.015625 0.554688
vt 0.027344 0.562500
vt 0.027344 0.554688
vt 0.281250 0.578125
vt 0.281250 0.570312
vt 0.292969 0.578125
vt 0.292969 0.570312
s 0
usemtl Material_0
f 1081/1061/271 1083/1062/271 1082/1063/271
f 1083/1062/271 1084/1064/271 1082/1063/271
f 1085/1065/272 1087/1066/272 1086/1067/272
f 1087/1066/272 1088/1068/272 1086/1067/272
f 1089/1069/273 1091/1070/273 1090/1071/273
f 1091/1070/273 1092/1072/273 1090/1071/273
f 1093/1073/274 1095/1074/274 1094/1075/274
f 1095/1074/274 1096/1076/274 1094/1075/274
f 1097/1077/275 1099/1078/275 1098/1079/275
f 1099/1078/275 1100/1080/275 1098/1079/275
f 1101/1081/276 1103/1082/276 1102/1083/276
f 1103/1082/276 1104/1084/276 1102/1083/276
o cube.046
v 0.203942 0.496305 -0.170217
v 0.189073 0.468667 -0.205035
v 0.184199 0.495149 -0.160869
v 0.169330 0.467511 -0.195687
v 0.182703 0.486297 -0.216309
v 0.197571 0.513935 -0.181491
v 0.162960 0.485141 -0.206961
v 0.177828 0.512780 -0.172143
v 0.182703 0.486297 -0.216309
v 0.189073 0.468667 -0.205035
v 0.197571 0.513935 -0.181491
v 0.203942 0.496305 -0.170217
v 0.177828 0.512780 -0.172143
v 0.184199 0.495149 -0.160869
v 0.162960 0.485141 -0.206961
v 0.169330 0.467511 -0.195687
v 0.197571 0.513935 -0.181491
v 0.203942 0.496305 -0.170217
v 0.177828 0.512780 -0.172143
v 0.184199 0.495149 -0.160869
v 0.189073 0.468667 -0.205035
v 0.182703 0.486297 -0.216309
v 0.169330 0.467511 -0.195687
v 0.162960 0.485141 -0.206961
vn 0.2912 -0.8060 0.5154
vn -0.2912 0.8060 -0.5154
vn 0.9025 0.0528 -0.4273
vn -0.9025 -0.0528 0.4273
vn 0.3172 0.5896 0.7428
vn -0.3172 -0.5896 -0.7428
vt 0.265625 0.531250
vt 0.265625 0.527344
vt 0.277344 0.531250
vt 0.277344 0.527344
vt 0.281250 0.531250
vt 0.281250 0.527344
vt 0.292969 0.531250
vt 0.292969 0.527344
vt 0.300781 0.519531
vt 0.300781 0.531250
vt 0.296875 0.519531
vt 0.296875 0.531250
vt 0.316406 0.531250
vt 0.316406 0.519531
vt 0.312500 0.531250
vt 0.312500 0.519531
vt 0.218750 0.515625
vt 0.218750 0.511719
vt 0.222656 0.515625
vt 0.222656 0.511719
vt 0.484375 0.796875
vt 0.484375 0.792969
vt 0.488281 0.796875
vt 0.488281 0.792969
s 0
usemtl Material_0
f 1105/1085/277 1107/1086/277 1106/1087/277
f 1107/1086/277 1108/1088/277 1106/1087/277
f 1109/1089/278 1111/1090/278 1110/1091/278
f 1111/1090/278 1112/1092/278 1110/1091/278
f 1113/1093/279 1115/1094/279 1114/1095/279
f 1115/1094/279 1116/1096/279 1114/1095/279
f 1117/1097/280 1119/1098/280 1118/1099/280
f 1119/1098/280 1120/1100/280 1118/1099/280
f 1121/1101/281 1123/1102/281 1122/1103/281
f 1123/1102/281 1124/1104/281 1122/1103/281
f 1125/1105/282 1127/1106/282 1126/1107/282
f 1127/1106/282 1128/1108/282 1126/1107/282
o cube.047
v 0.225715 0.378324 -0.194452
v 0.220954 0.387845 -0.213562
v 0.204546 0.378766 -0.188958
v 0.199785 0.388287 -0.208068
v 0.228890 0.444100 -0.187512
v 0.233651 0.434579 -0.168402
v 0.207721 0.444542 -0.182017
v 0.212482 0.435021 -0.162907
v 0.228890 0.444100 -0.187512
v 0.220954 0.387845 -0.213562
v 0.233651 0.434579 -0.168402
v 0.225715 0.378324 -0.194452
v 0.212482 0.435021 -0.162907
v 0.204546 0.378766 -0.188958
v 0.207721 0.444542 -0.182017
v 0.199785 0.388287 -0.208068
v 0.233651 0.434579 -0.168402
v 0.225715 0.378324 -0.194452
v 0.212482 0.435021 -0.162907
v 0.204546 0.378766 -0.188958
v 0.220954 0.387845 -0.213562
v 0.228890 0.444100 -0.187512
v 0.199785 0.388287 -0.208068
v 0.207721 0.444542 -0.182017
vn -0.1270 -0.9001 -0.4168
vn 0.1270 0.9001 0.4168
vn 0.9677 -0.0202 -0.2512
vn -0.9677 0.0202 0.2512
vn 0.2177 -0.4353 0.8736
vn -0.2177 0.4353 -0.8736
vt 0.484375 0.781250
vt 0.484375 0.777344
vt 0.488281 0.781250
vt 0.488281 0.777344
vt 0.234375 0.515625
vt 0.234375 0.511719
vt 0.238281 0.515625
vt 0.238281 0.511719
vt 0.015625 0.527344
vt 0.015625 0.531250
vt 0.000000 0.527344
vt 0.000000 0.531250
vt 0.031250 0.531250
vt 0.031250 0.527344
vt 0.453125 0.546875
vt 0.453125 0.542969
vt 0.468750 0.546875
vt 0.468750 0.542969
vt 0.453125 0.562500
vt 0.453125 0.558594
vt 0.468750 0.562500
vt 0.468750 0.558594
s 0
usemtl Material_0
f 1129/1109/283 1131/1110/283 1130/1111/283
f 1131/1110/283 1132/1112/283 1130/1111/283
f 1133/1113/284 1135/1114/284 1134/1115/284
f 1135/1114/284 1136/1116/284 1134/1115/284
f 1137/1117/285 1139/1118/285 1138/1119/285
f 1139/1118/285 1140/1120/285 1138/1119/285
f 1141/1121/286 1143/1122/286 1142/1118/286
f 1143/1122/286 1144/1117/286 1142/1118/286
f 1145/1123/287 1147/1124/287 1146/1125/287
f 1147/1124/287 1148/1126/287 1146/1125/287
f 1149/1127/288 1151/1128/288 1150/1129/288
f 1151/1128/288 1152/1130/288 1150/1129/288
o cube.048
v 0.232517 0.364722 -0.167153
v 0.227756 0.374243 -0.186263
v 0.211348 0.365164 -0.161658
v 0.206587 0.374685 -0.180768
v 0.235692 0.430498 -0.160212
v 0.240453 0.420977 -0.141102
v 0.214523 0.430940 -0.154717
v 0.219284 0.421419 -0.135607
v 0.235692 0.430498 -0.160212
v 0.227756 0.374243 -0.186263
v 0.240453 0.420977 -0.141102
v 0.232517 0.364722 -0.167153
v 0.219284 0.421419 -0.135607
v 0.211348 0.365164 -0.161658
v 0.214523 0.430940 -0.154717
v 0.206587 0.374685 -0.180768
v 0.240453 0.420977 -0.141102
v 0.232517 0.364722 -0.167153
v 0.219284 0.421419 -0.135607
v 0.211348 0.365164 -0.161658
v 0.227756 0.374243 -0.186263
v 0.235692 0.430498 -0.160212
v 0.206587 0.374685 -0.180768
v 0.214523 0.430940 -0.154717
vn -0.1270 -0.9001 -0.4168
vn 0.1270 0.9001 0.4168
vn 0.9677 -0.0202 -0.2512
vn -0.9677 0.0202 0.2512
vn 0.2177 -0.4353 0.8736
vn -0.2177 0.4353 -0.8736
vt 0.484375 0.765625
vt 0.484375 0.761719
vt 0.488281 0.765625
vt 0.488281 0.761719
vt 0.250000 0.515625
vt 0.250000 0.511719
vt 0.253906 0.515625
vt 0.253906 0.511719
vt 0.062500 0.527344
vt 0.062500 0.531250
vt 0.046875 0.527344
vt 0.046875 0.531250
vt 0.484375 0.953125
vt 0.484375 0.949219
vt 0.468750 0.953125
vt 0.468750 0.949219
vt 0.468750 0.968750
vt 0.468750 0.964844
vt 0.484375 0.968750
vt 0.484375 0.964844
vt 0.031250 0.531250
vt 0.031250 0.527344
s 0
usemtl Material_0
f 1153/1131/289 1155/1132/289 1154/1133/289
f 1155/1132/289 1156/1134/289 1154/1133/289
f 1157/1135/290 1159/1136/290 1158/1137/290
f 1159/1136/290 1160/1138/290 1158/1137/290
f 1161/1139/291 1163/1140/291 1162/1141/291
f 1163/1140/291 1164/1142/291 1162/1141/291
f 1165/1143/292 1167/1144/292 1166/1145/292
f 1167/1144/292 1168/1146/292 1166/1145/292
f 1169/1147/293 1171/1148/293 1170/1149/293
f 1171/1148/293 1172/1150/293 1170/1149/293
f 1173/1151/294 1175/1152/294 1174/1142/294
f 1175/1152/294 1176/1141/294 1174/1142/294
o cube.049
v 0.239320 0.351121 -0.139853
v 0.234558 0.360642 -0.158963
v 0.218151 0.351562 -0.134358
v 0.213389 0.361084 -0.153468
v 0.242494 0.416897 -0.132912
v 0.247256 0.407376 -0.113802
v 0.221325 0.417339 -0.127417
v 0.226087 0.407818 -0.108307
v 0.242494 0.416897 -0.132912
v 0.234558 0.360642 -0.158963
v 0.247256 0.407376 -0.113802
v 0.239320 0.351121 -0.139853
v 0.226087 0.407818 -0.108307
v 0.218151 0.351562 -0.134358
v 0.221325 0.417339 -0.127417
v 0.213389 0.361084 -0.153468
v 0.247256 0.407376 -0.113802
v 0.239320 0.351121 -0.139853
v 0.226087 0.407818 -0.108307
v 0.218151 0.351562 -0.134358
v 0.234558 0.360642 -0.158963
v 0.242494 0.416897 -0.132912
v 0.213389 0.361084 -0.153468
v 0.221325 0.417339 -0.127417
vn -0.1270 -0.9001 -0.4168
vn 0.1270 0.9001 0.4168
vn 0.9677 -0.0202 -0.2512
vn -0.9677 0.0202 0.2512
vn 0.2177 -0.4353 0.8736
vn -0.2177 0.4353 -0.8736
vt 0.484375 0.750000
vt 0.484375 0.746094
vt 0.488281 0.750000
vt 0.488281 0.746094
vt 0.265625 0.515625
vt 0.265625 0.511719
vt 0.269531 0.515625
vt 0.269531 0.511719
vt 0.093750 0.527344
vt 0.093750 0.531250
vt 0.078125 0.527344
vt 0.078125 0.531250
vt 0.484375 0.921875
vt 0.484375 0.917969
vt 0.468750 0.921875
vt 0.468750 0.917969
vt 0.468750 0.937500
vt 0.468750 0.933594
vt 0.484375 0.937500
vt 0.484375 0.933594
vt 0.062500 0.531250
vt 0.062500 0.527344
s 0
usemtl Material_0
f 1177/1153/295 1179/1154/295 1178/1155/295
f 1179/1154/295 1180/1156/295 1178/1155/295
f 1181/1157/296 1183/1158/296 1182/1159/296
f 1183/1158/296 1184/1160/296 1182/1159/296
f 1185/1161/297 1187/1162/297 1186/1163/297
f 1187/1162/297 1188/1164/297 1186/1163/297
f 1189/1165/298 1191/1166/298 1190/1167/298
f 1191/1166/298 1192/1168/298 1190/1167/298
f 1193/1169/299 1195/1170/299 1194/1171/299
f 1195/1170/299 1196/1172/299 1194/1171/299
f 1197/1173/300 1199/1174/300 1198/1164/300
f 1199/1174/300 1200/1163/300 1198/1164/300
o cube.050
v 0.041395 0.844489 0.018383
v 0.036826 0.840735 -0.075180
v 0.042587 0.782048 0.020830
v 0.038017 0.778295 -0.072733
v -0.056796 0.839131 -0.070543
v -0.052226 0.842884 0.023020
v -0.055604 0.776690 -0.068097
v -0.051035 0.780443 0.025466
v -0.056796 0.839131 -0.070543
v 0.036826 0.840735 -0.075180
v -0.052226 0.842884 0.023020
v 0.041395 0.844489 0.018383
v -0.051035 0.780443 0.025466
v 0.042587 0.782048 0.020830
v -0.055604 0.776690 -0.068097
v 0.038017 0.778295 -0.072733
v -0.052226 0.842884 0.023020
v 0.041395 0.844489 0.018383
v -0.051035 0.780443 0.025466
v 0.042587 0.782048 0.020830
v 0.036826 0.840735 -0.075180
v -0.056796 0.839131 -0.070543
v 0.038017 0.778295 -0.072733
v -0.055604 0.776690 -0.068097
vn 0.9986 0.0171 -0.0495
vn -0.9986 -0.0171 0.0495
vn -0.0191 0.9991 -0.0391
vn 0.0191 -0.9991 0.0391
vn 0.0487 0.0400 0.9980
vn -0.0487 -0.0400 -0.9980
vt 0.375000 0.875000
vt 0.375000 0.859375
vt 0.398438 0.875000
vt 0.398438 0.859375
vt 0.187500 0.625000
vt 0.187500 0.609375
vt 0.210938 0.625000
vt 0.210938 0.609375
vt 0.335938 0.617188
vt 0.335938 0.640625
vt 0.312500 0.617188
vt 0.312500 0.640625
vt 0.367188 0.640625
vt 0.367188 0.617188
vt 0.343750 0.640625
vt 0.343750 0.617188
vt 0.156250 0.625000
vt 0.156250 0.609375
vt 0.179688 0.625000
vt 0.179688 0.609375
vt 0.125000 0.625000
vt 0.125000 0.609375
vt 0.148438 0.625000
vt 0.148438 0.609375
s 0
usemtl Material_0
f 1201/1175/301 1203/1176/301 1202/1177/301
f 1203/1176/301 1204/1178/301 1202/1177/301
f 1205/1179/302 1207/1180/302 1206/1181/302
f 1207/1180/302 1208/1182/302 1206/1181/302
f 1209/1183/303 1211/1184/303 1210/1185/303
f 1211/1184/303 1212/1186/303 1210/1185/303
f 1213/1187/304 1215/1188/304 1214/1189/304
f 1215/1188/304 1216/1190/304 1214/1189/304
f 1217/1191/305 1219/1192/305 1218/1193/305
f 1219/1192/305 1220/1194/305 1218/1193/305
f 1221/1195/306 1223/1196/306 1222/1197/306
f 1223/1196/306 1224/1198/306 1222/1197/306
o cube.051
v 0.071040 1.034632 0.037316
v 0.059152 1.027260 -0.118307
v 0.076248 0.847396 0.045788
v 0.064360 0.840024 -0.109835
v -0.096584 1.023474 -0.106231
v -0.084697 1.030846 0.049392
v -0.091376 0.836238 -0.097759
v -0.079488 0.843610 0.057864
v -0.096584 1.023474 -0.106231
v 0.059152 1.027260 -0.118307
v -0.084697 1.030846 0.049392
v 0.071040 1.034632 0.037316
v -0.079488 0.843610 0.057864
v 0.076248 0.847396 0.045788
v -0.091376 0.836238 -0.097759
v 0.064360 0.840024 -0.109835
v -0.084697 1.030846 0.049392
v 0.071040 1.034632 0.037316
v -0.079488 0.843610 0.057864
v 0.076248 0.847396 0.045788
v 0.059152 1.027260 -0.118307
v -0.096584 1.023474 -0.106231
v 0.064360 0.840024 -0.109835
v -0.091376 0.836238 -0.097759
vn 0.9967 0.0242 -0.0773
vn -0.9967 -0.0242 0.0773
vn -0.0278 0.9986 -0.0452
vn 0.0278 -0.9986 0.0452
vn 0.0761 0.0472 0.9960
vn -0.0761 -0.0472 -0.9960
vt 0.046875 0.875000
vt 0.046875 0.828125
vt 0.085938 0.875000
vt 0.085938 0.828125
vt 0.140625 0.906250
vt 0.140625 0.859375
vt 0.179688 0.906250
vt 0.179688 0.859375
vt 0.226562 0.851562
vt 0.226562 0.890625
vt 0.187500 0.851562
vt 0.187500 0.890625
vt 0.164062 0.812500
vt 0.164062 0.773438
vt 0.125000 0.812500
vt 0.125000 0.773438
vt 0.093750 0.875000
vt 0.093750 0.828125
vt 0.132812 0.875000
vt 0.132812 0.828125
vt 0.000000 0.875000
vt 0.000000 0.828125
vt 0.039062 0.875000
vt 0.039062 0.828125
s 0
usemtl Material_0
f 1225/1199/307 1227/1200/307 1226/1201/307
f 1227/1200/307 1228/1202/307 1226/1201/307
f 1229/1203/308 1231/1204/308 1230/1205/308
f 1231/1204/308 1232/1206/308 1230/1205/308
f 1233/1207/309 1235/1208/309 1234/1209/309
f 1235/1208/309 1236/1210/309 1234/1209/309
f 1237/1211/310 1239/1212/310 1238/1213/310
f 1239/1212/310 1240/1214/310 1238/1213/310
f 1241/1215/311 1243/1216/311 1242/1217/311
f 1243/1216/311 1244/1218/311 1242/1217/311
f 1245/1219/312 1247/1220/312 1246/1221/312
f 1247/1220/312 1248/1222/312 1246/1221/312
o cube.052
v 0.059152 1.027260 -0.118307
v 0.057963 1.026522 -0.133869
v 0.064360 0.840024 -0.109835
v 0.063172 0.839286 -0.125397
v -0.097773 1.022737 -0.121793
v -0.096584 1.023474 -0.106231
v -0.092565 0.835501 -0.113321
v -0.091376 0.836238 -0.097759
v -0.097773 1.022737 -0.121793
v 0.057963 1.026522 -0.133869
v -0.096584 1.023474 -0.106231
v 0.059152 1.027260 -0.118307
v -0.091376 0.836238 -0.097759
v 0.064360 0.840024 -0.109835
v -0.092565 0.835501 -0.113321
v 0.063172 0.839286 -0.125397
v -0.096584 1.023474 -0.106231
v 0.059152 1.027260 -0.118307
v -0.091376 0.836238 -0.097759
v 0.064360 0.840024 -0.109835
v 0.057963 1.026522 -0.133869
v -0.097773 1.022737 -0.121793
v 0.063172 0.839286 -0.125397
v -0.092565 0.835501 -0.113321
vn 0.9967 0.0242 -0.0773
vn -0.9967 -0.0242 0.0773
vn -0.0278 0.9986 -0.0452
vn 0.0278 -0.9986 0.0452
vn 0.0761 0.0472 0.9960
vn -0.0761 -0.0472 -0.9960
vt 0.234375 0.609375
vt 0.234375 0.562500
vt 0.238281 0.609375
vt 0.238281 0.562500
vt 0.031250 0.593750
vt 0.031250 0.546875
vt 0.035156 0.593750
vt 0.035156 0.546875
vt 0.148438 0.589844
vt 0.148438 0.593750
vt 0.109375 0.589844
vt 0.109375 0.593750
vt 0.445312 0.875000
vt 0.445312 0.871094
vt 0.406250 0.875000
vt 0.406250 0.871094
vt 0.156250 1.000000
vt 0.156250 0.953125
vt 0.195312 1.000000
vt 0.195312 0.953125
vt 0.140625 0.859375
vt 0.140625 0.812500
vt 0.179688 0.859375
vt 0.179688 0.812500
s 0
usemtl Material_0
f 1249/1223/313 1251/1224/313 1250/1225/313
f 1251/1224/313 1252/1226/313 1250/1225/313
f 1253/1227/314 1255/1228/314 1254/1229/314
f 1255/1228/314 1256/1230/314 1254/1229/314
f 1257/1231/315 1259/1232/315 1258/1233/315
f 1259/1232/315 1260/1234/315 1258/1233/315
f 1261/1235/316 1263/1236/316 1262/1237/316
f 1263/1236/316 1264/1238/316 1262/1237/316
f 1265/1239/317 1267/1240/317 1266/1241/317
f 1267/1240/317 1268/1242/317 1266/1241/317
f 1269/1243/318 1271/1244/318 1270/1245/318
f 1271/1244/318 1272/1246/318 1270/1245/318
o cube.053
v 0.077103 1.029113 -0.088390
v 0.073537 1.026901 -0.135077
v 0.082312 0.841877 -0.079918
v 0.078745 0.839665 -0.126605
v 0.057963 1.026522 -0.133869
v 0.061530 1.028734 -0.087182
v 0.063172 0.839286 -0.125397
v 0.066738 0.841498 -0.078710
v 0.057963 1.026522 -0.133869
v 0.073537 1.026901 -0.135077
v 0.061530 1.028734 -0.087182
v 0.077103 1.029113 -0.088390
v 0.066738 0.841498 -0.078710
v 0.082312 0.841877 -0.079918
v 0.063172 0.839286 -0.125397
v 0.078745 0.839665 -0.126605
v 0.061530 1.028734 -0.087182
v 0.077103 1.029113 -0.088390
v 0.066738 0.841498 -0.078710
v 0.082312 0.841877 -0.079918
v 0.073537 1.026901 -0.135077
v 0.057963 1.026522 -0.133869
v 0.078745 0.839665 -0.126605
v 0.063172 0.839286 -0.125397
vn 0.9967 0.0242 -0.0773
vn -0.9967 -0.0242 0.0773
vn -0.0278 0.9986 -0.0452
vn 0.0278 -0.9986 0.0452
vn 0.0761 0.0472 0.9960
vn -0.0761 -0.0472 -0.9960
vt 0.250000 0.640625
vt 0.250000 0.593750
vt 0.261719 0.640625
vt 0.261719 0.593750
vt 0.265625 0.640625
vt 0.265625 0.593750
vt 0.277344 0.640625
vt 0.277344 0.593750
vt 0.488281 0.972656
vt 0.488281 0.984375
vt 0.484375 0.972656
vt 0.484375 0.984375
vt 0.035156 0.515625
vt 0.035156 0.503906
vt 0.031250 0.515625
vt 0.031250 0.503906
vt 0.046875 0.593750
vt 0.046875 0.546875
vt 0.050781 0.593750
vt 0.050781 0.546875
vt 0.406250 0.968750
vt 0.406250 0.921875
vt 0.410156 0.968750
vt 0.410156 0.921875
s 0
usemtl Material_0
f 1273/1247/319 1275/1248/319 1274/1249/319
f 1275/1248/319 1276/1250/319 1274/1249/319
f 1277/1251/320 1279/1252/320 1278/1253/320
f 1279/1252/320 1280/1254/320 1278/1253/320
f 1281/1255/321 1283/1256/321 1282/1257/321
f 1283/1256/321 1284/1258/321 1282/1257/321
f 1285/1259/322 1287/1260/322 1286/1261/322
f 1287/1260/322 1288/1262/322 1286/1261/322
f 1289/1263/323 1291/1264/323 1290/1265/323
f 1291/1264/323 1292/1266/323 1290/1265/323
f 1293/1267/324 1295/1268/324 1294/1269/324
f 1295/1268/324 1296/1270/324 1294/1269/324
o cube.054
v -0.094207 1.024948 -0.075106
v -0.097773 1.022737 -0.121793
v -0.088999 0.837712 -0.066634
v -0.092565 0.835501 -0.113321
v -0.113347 1.022358 -0.120586
v -0.109781 1.024570 -0.073899
v -0.108139 0.835122 -0.112113
v -0.104572 0.837334 -0.065427
v -0.113347 1.022358 -0.120586
v -0.097773 1.022737 -0.121793
v -0.109781 1.024570 -0.073899
v -0.094207 1.024948 -0.075106
v -0.104572 0.837334 -0.065427
v -0.088999 0.837712 -0.066634
v -0.108139 0.835122 -0.112113
v -0.092565 0.835501 -0.113321
v -0.109781 1.024570 -0.073899
v -0.094207 1.024948 -0.075106
v -0.104572 0.837334 -0.065427
v -0.088999 0.837712 -0.066634
v -0.097773 1.022737 -0.121793
v -0.113347 1.022358 -0.120586
v -0.092565 0.835501 -0.113321
v -0.108139 0.835122 -0.112113
vn 0.9967 0.0242 -0.0773
vn -0.9967 -0.0242 0.0773
vn -0.0278 0.9986 -0.0452
vn 0.0278 -0.9986 0.0452
vn 0.0761 0.0472 0.9960
vn -0.0761 -0.0472 -0.9960
vt 0.281250 0.640625
vt 0.281250 0.593750
vt 0.292969 0.640625
vt 0.292969 0.593750
vt 0.296875 0.640625
vt 0.296875 0.593750
vt 0.308594 0.640625
vt 0.308594 0.593750
vt 0.488281 0.925781
vt 0.488281 0.937500
vt 0.484375 0.925781
vt 0.484375 0.937500
vt 0.082031 0.515625
vt 0.082031 0.503906
vt 0.078125 0.515625
vt 0.078125 0.503906
vt 0.078125 0.593750
vt 0.078125 0.546875
vt 0.082031 0.593750
vt 0.082031 0.546875
vt 0.062500 0.593750
vt 0.062500 0.546875
vt 0.066406 0.593750
vt 0.066406 0.546875
s 0
usemtl Material_0
f 1297/1271/325 1299/1272/325 1298/1273/325
f 1299/1272/325 1300/1274/325 1298/1273/325
f 1301/1275/326 1303/1276/326 1302/1277/326
f 1303/1276/326 1304/1278/326 1302/1277/326
f 1305/1279/327 1307/1280/327 1306/1281/327
f 1307/1280/327 1308/1282/327 1306/1281/327
f 1309/1283/328 1311/1284/328 1310/1285/328
f 1311/1284/328 1312/1286/328 1310/1285/328
f 1313/1287/329 1315/1288/329 1314/1289/329
f 1315/1288/329 1316/1290/329 1314/1289/329
f 1317/1291/330 1319/1292/330 1318/1293/330
f 1319/1292/330 1320/1294/330 1318/1293/330
o cube.055
v 0.061096 1.044337 -0.087888
v 0.057529 1.042125 -0.134575
v 0.061530 1.028734 -0.087182
v 0.057963 1.026522 -0.133869
v -0.098207 1.038340 -0.122499
v -0.094641 1.040551 -0.075812
v -0.097773 1.022737 -0.121793
v -0.094207 1.024948 -0.075106
v -0.098207 1.038340 -0.122499
v 0.057529 1.042125 -0.134575
v -0.094641 1.040551 -0.075812
v 0.061096 1.044337 -0.087888
v -0.094207 1.024948 -0.075106
v 0.061530 1.028734 -0.087182
v -0.097773 1.022737 -0.121793
v 0.057963 1.026522 -0.133869
v -0.094641 1.040551 -0.075812
v 0.061096 1.044337 -0.087888
v -0.094207 1.024948 -0.075106
v 0.061530 1.028734 -0.087182
v 0.057529 1.042125 -0.134575
v -0.098207 1.038340 -0.122499
v 0.057963 1.026522 -0.133869
v -0.097773 1.022737 -0.121793
vn 0.9967 0.0242 -0.0773
vn -0.9967 -0.0242 0.0773
vn -0.0278 0.9986 -0.0452
vn 0.0278 -0.9986 0.0452
vn 0.0761 0.0472 0.9960
vn -0.0761 -0.0472 -0.9960
vt 0.484375 0.968750
vt 0.484375 0.964844
vt 0.496094 0.968750
vt 0.496094 0.964844
vt 0.046875 0.515625
vt 0.046875 0.511719
vt 0.058594 0.515625
vt 0.058594 0.511719
vt 0.382812 0.769531
vt 0.382812 0.781250
vt 0.343750 0.769531
vt 0.343750 0.781250
vt 0.398438 0.828125
vt 0.398438 0.816406
vt 0.359375 0.828125
vt 0.359375 0.816406
vt 0.406250 0.828125
vt 0.406250 0.824219
vt 0.445312 0.828125
vt 0.445312 0.824219
vt 0.156250 0.593750
vt 0.156250 0.589844
vt 0.195312 0.593750
vt 0.195312 0.589844
s 0
usemtl Material_0
f 1321/1295/331 1323/1296/331 1322/1297/331
f 1323/1296/331 1324/1298/331 1322/1297/331
f 1325/1299/332 1327/1300/332 1326/1301/332
f 1327/1300/332 1328/1302/332 1326/1301/332
f 1329/1303/333 1331/1304/333 1330/1305/333
f 1331/1304/333 1332/1306/333 1330/1305/333
f 1333/1307/334 1335/1308/334 1334/1309/334
f 1335/1308/334 1336/1310/334 1334/1309/334
f 1337/1311/335 1339/1312/335 1338/1313/335
f 1339/1312/335 1340/1314/335 1338/1313/335
f 1341/1315/336 1343/1316/336 1342/1317/336
f 1343/1316/336 1344/1318/336 1342/1317/336
o cube.056
v 0.066738 0.841498 -0.078710
v 0.063172 0.839286 -0.125397
v 0.067172 0.825895 -0.078004
v 0.063606 0.823683 -0.124691
v -0.092565 0.835501 -0.113321
v -0.088999 0.837712 -0.066634
v -0.092131 0.819898 -0.112615
v -0.088565 0.822109 -0.065928
v -0.092565 0.835501 -0.113321
v 0.063172 0.839286 -0.125397
v -0.088999 0.837712 -0.066634
v 0.066738 0.841498 -0.078710
v -0.088565 0.822109 -0.065928
v 0.067172 0.825895 -0.078004
v -0.092131 0.819898 -0.112615
v 0.063606 0.823683 -0.124691
v -0.088999 0.837712 -0.066634
v 0.066738 0.841498 -0.078710
v -0.088565 0.822109 -0.065928
v 0.067172 0.825895 -0.078004
v 0.063172 0.839286 -0.125397
v -0.092565 0.835501 -0.113321
v 0.063606 0.823683 -0.124691
v -0.092131 0.819898 -0.112615
vn 0.9967 0.0242 -0.0773
vn -0.9967 -0.0242 0.0773
vn -0.0278 0.9986 -0.0452
vn 0.0278 -0.9986 0.0452
vn 0.0761 0.0472 0.9960
vn -0.0761 -0.0472 -0.9960
vt 0.484375 0.953125
vt 0.484375 0.949219
vt 0.496094 0.953125
vt 0.496094 0.949219
vt 0.062500 0.515625
vt 0.062500 0.511719
vt 0.074219 0.515625
vt 0.074219 0.511719
vt 0.039062 0.613281
vt 0.039062 0.625000
vt 0.000000 0.613281
vt 0.000000 0.625000
vt 0.414062 0.984375
vt 0.414062 0.972656
vt 0.375000 0.984375
vt 0.375000 0.972656
vt 0.406250 0.796875
vt 0.406250 0.792969
vt 0.445312 0.796875
vt 0.445312 0.792969
vt 0.406250 0.812500
vt 0.406250 0.808594
vt 0.445312 0.812500
vt 0.445312 0.808594
s 0
usemtl Material_0
f 1345/1319/337 1347/1320/337 1346/1321/337
f 1347/1320/337 1348/1322/337 1346/1321/337
f 1349/1323/338 1351/1324/338 1350/1325/338
f 1351/1324/338 1352/1326/338 1350/1325/338
f 1353/1327/339 1355/1328/339 1354/1329/339
f 1355/1328/339 1356/1330/339 1354/1329/339
f 1357/1331/340 1359/1332/340 1358/1333/340
f 1359/1332/340 1360/1334/340 1358/1333/340
f 1361/1335/341 1363/1336/341 1362/1337/341
f 1363/1336/341 1364/1338/341 1362/1337/341
f 1365/1339/342 1367/1340/342 1366/1341/342
f 1367/1340/342 1368/1342/342 1366/1341/342
o cube.057
v 0.012978 0.962975 -0.127422
v 0.010601 0.961500 -0.158547
v 0.014715 0.900563 -0.124598
v 0.012337 0.899088 -0.155723
v -0.051694 0.959986 -0.153716
v -0.049316 0.961460 -0.122592
v -0.049958 0.897574 -0.150892
v -0.047580 0.899048 -0.119768
v -0.051694 0.959986 -0.153716
v 0.010601 0.961500 -0.158547
v -0.049316 0.961460 -0.122592
v 0.012978 0.962975 -0.127422
v -0.047580 0.899048 -0.119768
v 0.014715 0.900563 -0.124598
v -0.049958 0.897574 -0.150892
v 0.012337 0.899088 -0.155723
v -0.049316 0.961460 -0.122592
v 0.012978 0.962975 -0.127422
v -0.047580 0.899048 -0.119768
v 0.014715 0.900563 -0.124598
v 0.010601 0.961500 -0.158547
v -0.051694 0.959986 -0.153716
v 0.012337 0.899088 -0.155723
v -0.049958 0.897574 -0.150892
vn 0.9967 0.0242 -0.0773
vn -0.9967 -0.0242 0.0773
vn -0.0278 0.9986 -0.0452
vn 0.0278 -0.9986 0.0452
vn 0.0761 0.0472 0.9960
vn -0.0761 -0.0472 -0.9960
vt 0.421875 0.953125
vt 0.421875 0.937500
vt 0.429688 0.953125
vt 0.429688 0.937500
vt 0.421875 0.921875
vt 0.429688 0.921875
vt 0.437500 0.914062
vt 0.437500 0.921875
vt 0.421875 0.914062
vt 0.437500 0.906250
vt 0.437500 0.898438
vt 0.421875 0.906250
vt 0.421875 0.898438
vt 0.171875 0.812500
vt 0.171875 0.796875
vt 0.187500 0.812500
vt 0.187500 0.796875
vt 0.125000 0.828125
vt 0.125000 0.812500
vt 0.140625 0.828125
vt 0.140625 0.812500
s 0
usemtl Material_0
f 1369/1343/343 1371/1344/343 1370/1345/343
f 1371/1344/343 1372/1346/343 1370/1345/343
f 1373/1344/344 1375/1347/344 1374/1346/344
f 1375/1347/344 1376/1348/344 1374/1346/344
f 1377/1349/345 1379/1350/345 1378/1351/345
f 1379/1350/345 1380/1347/345 1378/1351/345
f 1381/1352/346 1383/1353/346 1382/1354/346
f 1383/1353/346 1384/1355/346 1382/1354/346
f 1385/1356/347 1387/1357/347 1386/1358/347
f 1387/1357/347 1388/1359/347 1386/1358/347
f 1389/1360/348 1391/1361/348 1390/1362/348
f 1391/1361/348 1392/1363/348 1390/1362/348
o cube.058
v -0.003897 1.009405 -0.128333
v -0.005086 1.008668 -0.143895
v -0.003029 0.978199 -0.126921
v -0.004218 0.977462 -0.142483
v -0.036233 1.007911 -0.141480
v -0.035045 1.008648 -0.125917
v -0.035365 0.976705 -0.140068
v -0.034177 0.977442 -0.124505
v -0.036233 1.007911 -0.141480
v -0.005086 1.008668 -0.143895
v -0.035045 1.008648 -0.125917
v -0.003897 1.009405 -0.128333
v -0.034177 0.977442 -0.124505
v -0.003029 0.978199 -0.126921
v -0.035365 0.976705 -0.140068
v -0.004218 0.977462 -0.142483
v -0.035045 1.008648 -0.125917
v -0.003897 1.009405 -0.128333
v -0.034177 0.977442 -0.124505
v -0.003029 0.978199 -0.126921
v -0.005086 1.008668 -0.143895
v -0.036233 1.007911 -0.141480
v -0.004218 0.977462 -0.142483
v -0.035365 0.976705 -0.140068
vn 0.9967 0.0242 -0.0773
vn -0.9967 -0.0242 0.0773
vn -0.0278 0.9986 -0.0452
vn 0.0278 -0.9986 0.0452
vn 0.0761 0.0472 0.9960
vn -0.0761 -0.0472 -0.9960
vt 0.484375 0.828125
vt 0.484375 0.820312
vt 0.488281 0.828125
vt 0.488281 0.820312
vt 0.187500 0.515625
vt 0.187500 0.507812
vt 0.191406 0.515625
vt 0.191406 0.507812
vt 0.492188 0.808594
vt 0.492188 0.812500
vt 0.484375 0.808594
vt 0.484375 0.812500
vt 0.210938 0.515625
vt 0.210938 0.511719
vt 0.203125 0.515625
vt 0.203125 0.511719
vt 0.187500 0.531250
vt 0.187500 0.523438
vt 0.195312 0.531250
vt 0.195312 0.523438
vt 0.171875 0.531250
vt 0.171875 0.523438
vt 0.179688 0.531250
vt 0.179688 0.523438
s 0
usemtl Material_0
f 1393/1364/349 1395/1365/349 1394/1366/349
f 1395/1365/349 1396/1367/349 1394/1366/349
f 1397/1368/350 1399/1369/350 1398/1370/350
f 1399/1369/350 1400/1371/350 1398/1370/350
f 1401/1372/351 1403/1373/351 1402/1374/351
f 1403/1373/351 1404/1375/351 1402/1374/351
f 1405/1376/352 1407/1377/352 1406/1378/352
f 1407/1377/352 1408/1379/352 1406/1378/352
f 1409/1380/353 1411/1381/353 1410/1382/353
f 1411/1381/353 1412/1383/353 1410/1382/353
f 1413/1384/354 1415/1385/354 1414/1386/354
f 1415/1385/354 1416/1387/354 1414/1386/354
o cube.059
v -0.000425 0.884581 -0.122685
v -0.002803 0.883107 -0.153809
v 0.000443 0.853375 -0.121273
v -0.001935 0.851901 -0.152397
v -0.033950 0.882349 -0.151394
v -0.031572 0.883824 -0.120269
v -0.033082 0.851143 -0.149982
v -0.030704 0.852618 -0.118857
v -0.033950 0.882349 -0.151394
v -0.002803 0.883107 -0.153809
v -0.031572 0.883824 -0.120269
v -0.000425 0.884581 -0.122685
v -0.030704 0.852618 -0.118857
v 0.000443 0.853375 -0.121273
v -0.033082 0.851143 -0.149982
v -0.001935 0.851901 -0.152397
v -0.031572 0.883824 -0.120269
v -0.000425 0.884581 -0.122685
v -0.030704 0.852618 -0.118857
v 0.000443 0.853375 -0.121273
v -0.002803 0.883107 -0.153809
v -0.033950 0.882349 -0.151394
v -0.001935 0.851901 -0.152397
v -0.033082 0.851143 -0.149982
vn 0.9967 0.0242 -0.0773
vn -0.9967 -0.0242 0.0773
vn -0.0278 0.9986 -0.0452
vn 0.0278 -0.9986 0.0452
vn 0.0761 0.0472 0.9960
vn -0.0761 -0.0472 -0.9960
vt 0.218750 0.531250
vt 0.218750 0.523438
vt 0.226562 0.531250
vt 0.226562 0.523438
vt 0.468750 0.765625
vt 0.468750 0.757812
vt 0.476562 0.765625
vt 0.476562 0.757812
vt 0.257812 0.523438
vt 0.257812 0.531250
vt 0.250000 0.523438
vt 0.250000 0.531250
vt 0.476562 0.750000
vt 0.476562 0.742188
vt 0.468750 0.750000
vt 0.468750 0.742188
vt 0.234375 0.531250
vt 0.234375 0.523438
vt 0.242188 0.531250
vt 0.242188 0.523438
vt 0.203125 0.531250
vt 0.203125 0.523438
vt 0.210938 0.531250
vt 0.210938 0.523438
s 0
usemtl Material_0
f 1417/1388/355 1419/1389/355 1418/1390/355
f 1419/1389/355 1420/1391/355 1418/1390/355
f 1421/1392/356 1423/1393/356 1422/1394/356
f 1423/1393/356 1424/1395/356 1422/1394/356
f 1425/1396/357 1427/1397/357 1426/1398/357
f 1427/1397/357 1428/1399/357 1426/1398/357
f 1429/1400/358 1431/1401/358 1430/1402/358
f 1431/1401/358 1432/1403/358 1430/1402/358
f 1433/1404/359 1435/1405/359 1434/1406/359
f 1435/1405/359 1436/1407/359 1434/1406/359
f 1437/1408/360 1439/1409/360 1438/1410/360
f 1439/1409/360 1440/1411/360 1438/1410/360
o cube.060
v 0.061863 0.898666 -0.093284
v 0.091001 0.883523 -0.146463
v 0.064413 0.838987 -0.074894
v 0.093551 0.823845 -0.128073
v 0.035767 0.872780 -0.173668
v 0.006630 0.887923 -0.120489
v 0.038317 0.813102 -0.155277
v 0.009179 0.828244 -0.102099
v 0.035767 0.872780 -0.173668
v 0.091001 0.883523 -0.146463
v 0.006630 0.887923 -0.120489
v 0.061863 0.898666 -0.093284
v 0.009179 0.828244 -0.102099
v 0.064413 0.838987 -0.074894
v 0.038317 0.813102 -0.155277
v 0.093551 0.823845 -0.128073
v 0.006630 0.887923 -0.120489
v 0.061863 0.898666 -0.093284
v 0.009179 0.828244 -0.102099
v 0.064413 0.838987 -0.074894
v 0.091001 0.883523 -0.146463
v 0.035767 0.872780 -0.173668
v 0.093551 0.823845 -0.128073
v 0.038317 0.813102 -0.155277
vn 0.8837 0.1719 0.4353
vn -0.8837 -0.1719 -0.4353
vn -0.0408 0.9549 -0.2942
vn 0.0408 -0.9549 0.2942
vn -0.4662 0.2423 0.8509
vn 0.4662 -0.2423 -0.8509
vt 0.031250 0.750000
vt 0.031250 0.734375
vt 0.046875 0.750000
vt 0.046875 0.734375
vt 0.031250 0.718750
vt 0.046875 0.718750
vt 0.312500 0.718750
vt 0.312500 0.734375
vt 0.296875 0.718750
vt 0.296875 0.734375
vt 0.046875 0.609375
vt 0.046875 0.593750
vt 0.031250 0.609375
vt 0.031250 0.593750
vt 0.265625 0.984375
vt 0.265625 0.968750
vt 0.281250 0.984375
vt 0.281250 0.968750
vt 0.203125 0.968750
vt 0.203125 0.953125
vt 0.218750 0.968750
vt 0.218750 0.953125
s 0
usemtl Material_0
f 1441/1412/361 1443/1413/361 1442/1414/361
f 1443/1413/361 1444/1415/361 1442/1414/361
f 1445/1413/362 1447/1416/362 1446/1415/362
f 1447/1416/362 1448/1417/362 1446/1415/362
f 1449/1418/363 1451/1419/363 1450/1420/363
f 1451/1419/363 1452/1421/363 1450/1420/363
f 1453/1422/364 1455/1423/364 1454/1424/364
f 1455/1423/364 1456/1425/364 1454/1424/364
f 1457/1426/365 1459/1427/365 1458/1428/365
f 1459/1427/365 1460/1429/365 1458/1428/365
f 1461/1430/366 1463/1431/366 1462/1432/366
f 1463/1431/366 1464/1433/366 1462/1432/366
o cube.061
v 0.077830 0.865918 -0.148666
v 0.081472 0.864025 -0.155314
v 0.079105 0.836079 -0.139471
v 0.082747 0.834186 -0.146119
v 0.053855 0.858654 -0.168916
v 0.050213 0.860546 -0.162269
v 0.055130 0.828814 -0.159721
v 0.051488 0.830707 -0.153074
v 0.053855 0.858654 -0.168916
v 0.081472 0.864025 -0.155314
v 0.050213 0.860546 -0.162269
v 0.077830 0.865918 -0.148666
v 0.051488 0.830707 -0.153074
v 0.079105 0.836079 -0.139471
v 0.055130 0.828814 -0.159721
v 0.082747 0.834186 -0.146119
v 0.050213 0.860546 -0.162269
v 0.077830 0.865918 -0.148666
v 0.051488 0.830707 -0.153074
v 0.079105 0.836079 -0.139471
v 0.081472 0.864025 -0.155314
v 0.053855 0.858654 -0.168916
v 0.082747 0.834186 -0.146119
v 0.055130 0.828814 -0.159721
vn 0.8837 0.1719 0.4353
vn -0.8837 -0.1719 -0.4353
vn -0.0408 0.9549 -0.2942
vn 0.0408 -0.9549 0.2942
vn -0.4662 0.2423 0.8509
vn 0.4662 -0.2423 -0.8509
vt 0.484375 0.890625
vt 0.484375 0.882812
vt 0.488281 0.890625
vt 0.488281 0.882812
vt 0.125000 0.515625
vt 0.125000 0.507812
vt 0.128906 0.515625
vt 0.128906 0.507812
vt 0.492188 0.871094
vt 0.492188 0.875000
vt 0.484375 0.871094
vt 0.484375 0.875000
vt 0.148438 0.515625
vt 0.148438 0.511719
vt 0.140625 0.515625
vt 0.140625 0.511719
vt 0.125000 0.531250
vt 0.125000 0.523438
vt 0.132812 0.531250
vt 0.132812 0.523438
vt 0.109375 0.531250
vt 0.109375 0.523438
vt 0.117188 0.531250
vt 0.117188 0.523438
s 0
usemtl Material_0
f 1465/1434/367 1467/1435/367 1466/1436/367
f 1467/1435/367 1468/1437/367 1466/1436/367
f 1469/1438/368 1471/1439/368 1470/1440/368
f 1471/1439/368 1472/1441/368 1470/1440/368
f 1473/1442/369 1475/1443/369 1474/1444/369
f 1475/1443/369 1476/1445/369 1474/1444/369
f 1477/1446/370 1479/1447/370 1478/1448/370
f 1479/1447/370 1480/1449/370 1478/1448/370
f 1481/1450/371 1483/1451/371 1482/1452/371
f 1483/1451/371 1484/1453/371 1482/1452/371
f 1485/1454/372 1487/1455/372 1486/1456/372
f 1487/1455/372 1488/1457/372 1486/1456/372
o cube.062
v -0.038358 0.886829 -0.117001
v -0.074575 0.870098 -0.165112
v -0.035158 0.827166 -0.098661
v -0.071376 0.810435 -0.146772
v -0.125411 0.878263 -0.129682
v -0.089194 0.894994 -0.081571
v -0.122212 0.818600 -0.111342
v -0.085995 0.835331 -0.063231
v -0.125411 0.878263 -0.129682
v -0.074575 0.870098 -0.165112
v -0.089194 0.894994 -0.081571
v -0.038358 0.886829 -0.117001
v -0.085995 0.835331 -0.063231
v -0.035158 0.827166 -0.098661
v -0.122212 0.818600 -0.111342
v -0.071376 0.810435 -0.146772
v -0.089194 0.894994 -0.081571
v -0.038358 0.886829 -0.117001
v -0.085995 0.835331 -0.063231
v -0.035158 0.827166 -0.098661
v -0.074575 0.870098 -0.165112
v -0.125411 0.878263 -0.129682
v -0.071376 0.810435 -0.146772
v -0.122212 0.818600 -0.111342
vn 0.8134 -0.1306 -0.5669
vn -0.8134 0.1306 0.5669
vn -0.0512 0.9546 -0.2934
vn 0.0512 -0.9546 0.2934
vn 0.5795 0.2677 0.7698
vn -0.5795 -0.2677 -0.7698
vt 0.062500 0.609375
vt 0.062500 0.593750
vt 0.078125 0.609375
vt 0.078125 0.593750
vt 0.093750 0.609375
vt 0.093750 0.593750
vt 0.109375 0.609375
vt 0.109375 0.593750
vt 0.125000 0.593750
vt 0.125000 0.609375
vt 0.140625 0.609375
vt 0.140625 0.593750
vt 0.046875 0.609375
vt 0.046875 0.593750
s 0
usemtl Material_0
f 1489/1458/373 1491/1459/373 1490/1460/373
f 1491/1459/373 1492/1461/373 1490/1460/373
f 1493/1462/374 1495/1463/374 1494/1464/374
f 1495/1463/374 1496/1465/374 1494/1464/374
f 1497/1466/375 1499/1467/375 1498/1465/375
f 1499/1467/375 1500/1464/375 1498/1465/375
f 1501/1468/376 1503/1469/376 1502/1467/376
f 1503/1469/376 1504/1466/376 1502/1467/376
f 1505/1460/377 1507/1461/377 1506/1462/377
f 1507/1461/377 1508/1463/377 1506/1462/377
f 1509/1470/378 1511/1471/378 1510/1458/378
f 1511/1471/378 1512/1459/378 1510/1458/378
o cube.063
v -0.086484 0.857224 -0.151669
v -0.091011 0.855132 -0.157683
v -0.084884 0.827392 -0.142499
v -0.089412 0.825301 -0.148513
v -0.116429 0.859215 -0.139968
v -0.111902 0.861306 -0.133954
v -0.114830 0.829383 -0.130798
v -0.110303 0.831475 -0.124785
v -0.116429 0.859215 -0.139968
v -0.091011 0.855132 -0.157683
v -0.111902 0.861306 -0.133954
v -0.086484 0.857224 -0.151669
v -0.110303 0.831475 -0.124785
v -0.084884 0.827392 -0.142499
v -0.114830 0.829383 -0.130798
v -0.089412 0.825301 -0.148513
v -0.111902 0.861306 -0.133954
v -0.086484 0.857224 -0.151669
v -0.110303 0.831475 -0.124785
v -0.084884 0.827392 -0.142499
v -0.091011 0.855132 -0.157683
v -0.116429 0.859215 -0.139968
v -0.089412 0.825301 -0.148513
v -0.114830 0.829383 -0.130798
vn 0.8134 -0.1306 -0.5669
vn -0.8134 0.1306 0.5669
vn -0.0512 0.9546 -0.2934
vn 0.0512 -0.9546 0.2934
vn 0.5795 0.2677 0.7698
vn -0.5795 -0.2677 -0.7698
vt 0.484375 0.859375
vt 0.484375 0.851562
vt 0.488281 0.859375
vt 0.488281 0.851562
vt 0.156250 0.515625
vt 0.156250 0.507812
vt 0.160156 0.515625
vt 0.160156 0.507812
vt 0.492188 0.839844
vt 0.492188 0.843750
vt 0.484375 0.839844
vt 0.484375 0.843750
vt 0.179688 0.515625
vt 0.179688 0.511719
vt 0.171875 0.515625
vt 0.171875 0.511719
vt 0.156250 0.531250
vt 0.156250 0.523438
vt 0.164062 0.531250
vt 0.164062 0.523438
vt 0.140625 0.531250
vt 0.140625 0.523438
vt 0.148438 0.531250
vt 0.148438 0.523438
s 0
usemtl Material_0
f 1513/1472/379 1515/1473/379 1514/1474/379
f 1515/1473/379 1516/1475/379 1514/1474/379
f 1517/1476/380 1519/1477/380 1518/1478/380
f 1519/1477/380 1520/1479/380 1518/1478/380
f 1521/1480/381 1523/1481/381 1522/1482/381
f 1523/1481/381 1524/1483/381 1522/1482/381
f 1525/1484/382 1527/1485/382 1526/1486/382
f 1527/1485/382 1528/1487/382 1526/1486/382
f 1529/1488/383 1531/1489/383 1530/1490/383
f 1531/1489/383 1532/1491/383 1530/1490/383
f 1533/1492/384 1535/1493/384 1534/1494/384
f 1535/1493/384 1536/1495/384 1534/1494/384
o cube.064
v 0.028118 0.978956 -0.129336
v 0.026929 0.978219 -0.144898
v 0.032024 0.838529 -0.122982
v 0.030835 0.837792 -0.138544
v -0.066513 0.975948 -0.137653
v -0.065324 0.976685 -0.122090
v -0.062607 0.835521 -0.131299
v -0.061418 0.836258 -0.115736
v -0.066513 0.975948 -0.137653
v 0.026929 0.978219 -0.144898
v -0.065324 0.976685 -0.122090
v 0.028118 0.978956 -0.129336
v -0.061418 0.836258 -0.115736
v 0.032024 0.838529 -0.122982
v -0.062607 0.835521 -0.131299
v 0.030835 0.837792 -0.138544
v -0.065324 0.976685 -0.122090
v 0.028118 0.978956 -0.129336
v -0.061418 0.836258 -0.115736
v 0.032024 0.838529 -0.122982
v 0.026929 0.978219 -0.144898
v -0.066513 0.975948 -0.137653
v 0.030835 0.837792 -0.138544
v -0.062607 0.835521 -0.131299
vn 0.9967 0.0242 -0.0773
vn -0.9967 -0.0242 0.0773
vn -0.0278 0.9986 -0.0452
vn 0.0278 -0.9986 0.0452
vn 0.0761 0.0472 0.9960
vn -0.0761 -0.0472 -0.9960
vt 0.296875 0.593750
vt 0.296875 0.558594
vt 0.300781 0.593750
vt 0.300781 0.558594
vt 0.312500 0.593750
vt 0.312500 0.558594
vt 0.316406 0.593750
vt 0.316406 0.558594
vt 0.476562 0.621094
vt 0.476562 0.625000
vt 0.453125 0.621094
vt 0.453125 0.625000
vt 0.414062 0.546875
vt 0.414062 0.542969
vt 0.390625 0.546875
vt 0.390625 0.542969
vt 0.281250 0.718750
vt 0.281250 0.683594
vt 0.304688 0.718750
vt 0.304688 0.683594
vt 0.250000 0.718750
vt 0.250000 0.683594
vt 0.273438 0.718750
vt 0.273438 0.683594
s 0
usemtl Material_0
f 1537/1496/385 1539/1497/385 1538/1498/385
f 1539/1497/385 1540/1499/385 1538/1498/385
f 1541/1500/386 1543/1501/386 1542/1502/386
f 1543/1501/386 1544/1503/386 1542/1502/386
f 1545/1504/387 1547/1505/387 1546/1506/387
f 1547/1505/387 1548/1507/387 1546/1506/387
f 1549/1508/388 1551/1509/388 1550/1510/388
f 1551/1509/388 1552/1511/388 1550/1510/388
f 1553/1512/389 1555/1513/389 1554/1514/389
f 1555/1513/389 1556/1515/389 1554/1514/389
f 1557/1516/390 1559/1517/390 1558/1518/390
f 1559/1517/390 1560/1519/390 1558/1518/390
o cube.065
v 0.059699 0.964110 -0.131045
v 0.058511 0.963373 -0.146607
v 0.061436 0.901698 -0.128221
v 0.060247 0.900961 -0.143783
v 0.027363 0.962616 -0.144192
v 0.028552 0.963353 -0.128630
v 0.029099 0.900204 -0.141368
v 0.030288 0.900941 -0.125806
v 0.027363 0.962616 -0.144192
v 0.058511 0.963373 -0.146607
v 0.028552 0.963353 -0.128630
v 0.059699 0.964110 -0.131045
v 0.030288 0.900941 -0.125806
v 0.061436 0.901698 -0.128221
v 0.029099 0.900204 -0.141368
v 0.060247 0.900961 -0.143783
v 0.028552 0.963353 -0.128630
v 0.059699 0.964110 -0.131045
v 0.030288 0.900941 -0.125806
v 0.061436 0.901698 -0.128221
v 0.058511 0.963373 -0.146607
v 0.027363 0.962616 -0.144192
v 0.060247 0.900961 -0.143783
v 0.029099 0.900204 -0.141368
vn 0.9967 0.0242 -0.0773
vn -0.9967 -0.0242 0.0773
vn -0.0278 0.9986 -0.0452
vn 0.0278 -0.9986 0.0452
vn 0.0761 0.0472 0.9960
vn -0.0761 -0.0472 -0.9960
vt 0.093750 0.531250
vt 0.093750 0.515625
vt 0.097656 0.531250
vt 0.097656 0.515625
vt 0.468750 0.906250
vt 0.468750 0.890625
vt 0.472656 0.906250
vt 0.472656 0.890625
vt 0.492188 0.902344
vt 0.492188 0.906250
vt 0.484375 0.902344
vt 0.484375 0.906250
vt 0.117188 0.515625
vt 0.117188 0.511719
vt 0.109375 0.515625
vt 0.109375 0.511719
vt 0.421875 0.968750
vt 0.421875 0.953125
vt 0.429688 0.968750
vt 0.429688 0.953125
vt 0.421875 0.984375
vt 0.429688 0.984375
s 0
usemtl Material_0
f 1561/1520/391 1563/1521/391 1562/1522/391
f 1563/1521/391 1564/1523/391 1562/1522/391
f 1565/1524/392 1567/1525/392 1566/1526/392
f 1567/1525/392 1568/1527/392 1566/1526/392
f 1569/1528/393 1571/1529/393 1570/1530/393
f 1571/1529/393 1572/1531/393 1570/1530/393
f 1573/1532/394 1575/1533/394 1574/1534/394
f 1575/1533/394 1576/1535/394 1574/1534/394
f 1577/1536/395 1579/1537/395 1578/1538/395
f 1579/1537/395 1580/1539/395 1578/1538/395
f 1581/1540/396 1583/1536/396 1582/1541/396
f 1583/1536/396 1584/1538/396 1582/1541/396
o cube.066
v -0.064890 0.961082 -0.121384
v -0.066079 0.960345 -0.136947
v -0.063154 0.898670 -0.118560
v -0.064343 0.897933 -0.134123
v -0.097226 0.959588 -0.134531
v -0.096037 0.960325 -0.118969
v -0.095490 0.897175 -0.131707
v -0.094301 0.897913 -0.116145
v -0.097226 0.959588 -0.134531
v -0.066079 0.960345 -0.136947
v -0.096037 0.960325 -0.118969
v -0.064890 0.961082 -0.121384
v -0.094301 0.897913 -0.116145
v -0.063154 0.898670 -0.118560
v -0.095490 0.897175 -0.131707
v -0.064343 0.897933 -0.134123
v -0.096037 0.960325 -0.118969
v -0.064890 0.961082 -0.121384
v -0.094301 0.897913 -0.116145
v -0.063154 0.898670 -0.118560
v -0.066079 0.960345 -0.136947
v -0.097226 0.959588 -0.134531
v -0.064343 0.897933 -0.134123
v -0.095490 0.897175 -0.131707
vn 0.9967 0.0242 -0.0773
vn -0.9967 -0.0242 0.0773
vn -0.0278 0.9986 -0.0452
vn 0.0278 -0.9986 0.0452
vn 0.0761 0.0472 0.9960
vn -0.0761 -0.0472 -0.9960
vt 0.097656 0.531250
vt 0.097656 0.515625
vt 0.093750 0.531250
vt 0.093750 0.515625
vt 0.472656 0.906250
vt 0.472656 0.890625
vt 0.468750 0.906250
vt 0.468750 0.890625
vt 0.492188 0.906250
vt 0.492188 0.902344
vt 0.484375 0.906250
vt 0.484375 0.902344
vt 0.117188 0.515625
vt 0.117188 0.511719
vt 0.109375 0.515625
vt 0.109375 0.511719
vt 0.429688 0.968750
vt 0.429688 0.953125
vt 0.421875 0.968750
vt 0.421875 0.953125
vt 0.429688 0.984375
vt 0.421875 0.984375
s 0
usemtl Material_0
f 1585/1542/397 1587/1543/397 1586/1544/397
f 1587/1543/397 1588/1545/397 1586/1544/397
f 1589/1546/398 1591/1547/398 1590/1548/398
f 1591/1547/398 1592/1549/398 1590/1548/398
f 1593/1550/399 1595/1551/399 1594/1552/399
f 1595/1551/399 1596/1553/399 1594/1552/399
f 1597/1554/400 1599/1555/400 1598/1556/400
f 1599/1555/400 1600/1557/400 1598/1556/400
f 1601/1558/401 1603/1559/401 1602/1560/401
f 1603/1559/401 1604/1561/401 1602/1560/401
f 1605/1562/402 1607/1558/402 1606/1563/402
f 1607/1558/402 1608/1560/402 1606/1563/402
o cube.067
v -0.230750 0.781777 0.039424
v -0.239559 0.755300 -0.082422
v -0.184390 0.775117 0.037519
v -0.193199 0.748640 -0.084326
v -0.251737 0.664651 -0.061844
v -0.242928 0.691128 0.060002
v -0.205377 0.657991 -0.063748
v -0.196568 0.684468 0.058098
v -0.251737 0.664651 -0.061844
v -0.239559 0.755300 -0.082422
v -0.242928 0.691128 0.060002
v -0.230750 0.781777 0.039424
v -0.196568 0.684468 0.058098
v -0.184390 0.775117 0.037519
v -0.205377 0.657991 -0.063748
v -0.193199 0.748640 -0.084326
v -0.242928 0.691128 0.060002
v -0.230750 0.781777 0.039424
v -0.196568 0.684468 0.058098
v -0.184390 0.775117 0.037519
v -0.239559 0.755300 -0.082422
v -0.251737 0.664651 -0.061844
v -0.193199 0.748640 -0.084326
v -0.205377 0.657991 -0.063748
vn 0.1299 0.9669 -0.2195
vn -0.1299 -0.9669 0.2195
vn -0.9890 0.1421 0.0406
vn 0.9890 -0.1421 -0.0406
vn 0.0705 0.2118 0.9748
vn -0.0705 -0.2118 -0.9748
vt 0.406250 0.890625
vt 0.406250 0.878906
vt 0.375000 0.890625
vt 0.375000 0.878906
vt 0.406250 0.906250
vt 0.406250 0.894531
vt 0.375000 0.906250
vt 0.375000 0.894531
vt 0.312500 0.703125
vt 0.312500 0.734375
vt 0.335938 0.703125
vt 0.335938 0.734375
vt 0.312500 0.671875
vt 0.335938 0.671875
vt 0.398438 0.703125
vt 0.398438 0.691406
vt 0.375000 0.703125
vt 0.375000 0.691406
vt 0.398438 0.718750
vt 0.398438 0.707031
vt 0.375000 0.718750
vt 0.375000 0.707031
s 0
usemtl Material_0
f 1609/1564/403 1611/1565/403 1610/1566/403
f 1611/1565/403 1612/1567/403 1610/1566/403
f 1613/1568/404 1615/1569/404 1614/1570/404
f 1615/1569/404 1616/1571/404 1614/1570/404
f 1617/1572/405 1619/1573/405 1618/1574/405
f 1619/1573/405 1620/1575/405 1618/1574/405
f 1621/1572/406 1623/1576/406 1622/1574/406
f 1623/1576/406 1624/1577/406 1622/1574/406
f 1625/1578/407 1627/1579/407 1626/1580/407
f 1627/1579/407 1628/1581/407 1626/1580/407
f 1629/1582/408 1631/1583/408 1630/1584/408
f 1631/1583/408 1632/1585/408 1630/1584/408
o cube.068
v -0.214368 0.791356 0.020128
v -0.220975 0.771498 -0.071256
v -0.121648 0.778035 0.016320
v -0.128254 0.758177 -0.075064
v -0.241272 0.620416 -0.036958
v -0.234665 0.640274 0.054426
v -0.148551 0.607095 -0.040767
v -0.141944 0.626953 0.050617
v -0.241272 0.620416 -0.036958
v -0.220975 0.771498 -0.071256
v -0.234665 0.640274 0.054426
v -0.214368 0.791356 0.020128
v -0.141944 0.626953 0.050617
v -0.121648 0.778035 0.016320
v -0.148551 0.607095 -0.040767
v -0.128254 0.758177 -0.075064
v -0.234665 0.640274 0.054426
v -0.214368 0.791356 0.020128
v -0.141944 0.626953 0.050617
v -0.121648 0.778035 0.016320
v -0.220975 0.771498 -0.071256
v -0.241272 0.620416 -0.036958
v -0.128254 0.758177 -0.075064
v -0.148551 0.607095 -0.040767
vn 0.1299 0.9669 -0.2195
vn -0.1299 -0.9669 0.2195
vn -0.9890 0.1421 0.0406
vn 0.9890 -0.1421 -0.0406
vn 0.0705 0.2118 0.9748
vn -0.0705 -0.2118 -0.9748
vt 0.382812 0.859375
vt 0.382812 0.835938
vt 0.359375 0.859375
vt 0.359375 0.835938
vt 0.117188 0.640625
vt 0.117188 0.617188
vt 0.093750 0.640625
vt 0.093750 0.617188
vt 0.265625 0.804688
vt 0.265625 0.828125
vt 0.304688 0.804688
vt 0.304688 0.828125
vt 0.265625 0.796875
vt 0.265625 0.773438
vt 0.304688 0.796875
vt 0.304688 0.773438
vt 0.304688 0.859375
vt 0.304688 0.835938
vt 0.265625 0.859375
vt 0.265625 0.835938
vt 0.304688 0.890625
vt 0.304688 0.867188
vt 0.265625 0.890625
vt 0.265625 0.867188
s 0
usemtl Material_0
f 1633/1586/409 1635/1587/409 1634/1588/409
f 1635/1587/409 1636/1589/409 1634/1588/409
f 1637/1590/410 1639/1591/410 1638/1592/410
f 1639/1591/410 1640/1593/410 1638/1592/410
f 1641/1594/411 1643/1595/411 1642/1596/411
f 1643/1595/411 1644/1597/411 1642/1596/411
f 1645/1598/412 1647/1599/412 1646/1600/412
f 1647/1599/412 1648/1601/412 1646/1600/412
f 1649/1602/413 1651/1603/413 1650/1604/413
f 1651/1603/413 1652/1605/413 1650/1604/413
f 1653/1606/414 1655/1607/414 1654/1608/414
f 1655/1607/414 1656/1609/414 1654/1608/414
o cube.069
v -0.220661 0.613963 0.056731
v -0.238391 0.636641 -0.015897
v -0.145089 0.610556 0.037219
v -0.162818 0.633234 -0.035409
v -0.254286 0.502210 -0.053993
v -0.236556 0.479532 0.018636
v -0.178713 0.498804 -0.073505
v -0.160983 0.476126 -0.000876
v -0.254286 0.502210 -0.053993
v -0.238391 0.636641 -0.015897
v -0.236556 0.479532 0.018636
v -0.220661 0.613963 0.056731
v -0.160983 0.476126 -0.000876
v -0.145089 0.610556 0.037219
v -0.178713 0.498804 -0.073505
v -0.162818 0.633234 -0.035409
v -0.236556 0.479532 0.018636
v -0.220661 0.613963 0.056731
v -0.160983 0.476126 -0.000876
v -0.145089 0.610556 0.037219
v -0.238391 0.636641 -0.015897
v -0.254286 0.502210 -0.053993
v -0.162818 0.633234 -0.035409
v -0.178713 0.498804 -0.073505
vn 0.1130 0.9559 0.2709
vn -0.1130 -0.9559 -0.2709
vn -0.9673 0.0436 0.2498
vn 0.9673 -0.0436 -0.2498
vn 0.2269 -0.2903 0.9296
vn -0.2269 0.2903 -0.9296
vt 0.394531 0.937500
vt 0.394531 0.917969
vt 0.375000 0.937500
vt 0.375000 0.917969
vt 0.394531 0.968750
vt 0.394531 0.949219
vt 0.375000 0.968750
vt 0.375000 0.949219
vt 0.296875 0.652344
vt 0.296875 0.671875
vt 0.332031 0.652344
vt 0.332031 0.671875
vt 0.000000 0.656250
vt 0.000000 0.636719
vt 0.035156 0.656250
vt 0.035156 0.636719
vt 0.285156 0.671875
vt 0.285156 0.652344
vt 0.250000 0.671875
vt 0.250000 0.652344
vt 0.363281 0.765625
vt 0.363281 0.746094
vt 0.328125 0.765625
vt 0.328125 0.746094
s 0
usemtl Material_0
f 1657/1610/415 1659/1611/415 1658/1612/415
f 1659/1611/415 1660/1613/415 1658/1612/415
f 1661/1614/416 1663/1615/416 1662/1616/416
f 1663/1615/416 1664/1617/416 1662/1616/416
f 1665/1618/417 1667/1619/417 1666/1620/417
f 1667/1619/417 1668/1621/417 1666/1620/417
f 1669/1622/418 1671/1623/418 1670/1624/418
f 1671/1623/418 1672/1625/418 1670/1624/418
f 1673/1626/419 1675/1627/419 1674/1628/419
f 1675/1627/419 1676/1629/419 1674/1628/419
f 1677/1630/420 1679/1631/420 1678/1632/420
f 1679/1631/420 1680/1633/420 1678/1632/420
o cube.070
v -0.212111 0.476243 0.020045
v -0.233387 0.503456 -0.067109
v -0.181882 0.474880 0.012240
v -0.203158 0.502094 -0.074914
v -0.243983 0.413836 -0.092506
v -0.222708 0.386623 -0.005352
v -0.213754 0.412474 -0.100311
v -0.192479 0.385260 -0.013157
v -0.243983 0.413836 -0.092506
v -0.233387 0.503456 -0.067109
v -0.222708 0.386623 -0.005352
v -0.212111 0.476243 0.020045
v -0.192479 0.385260 -0.013157
v -0.181882 0.474880 0.012240
v -0.213754 0.412474 -0.100311
v -0.203158 0.502094 -0.074914
v -0.222708 0.386623 -0.005352
v -0.212111 0.476243 0.020045
v -0.192479 0.385260 -0.013157
v -0.181882 0.474880 0.012240
v -0.233387 0.503456 -0.067109
v -0.243983 0.413836 -0.092506
v -0.203158 0.502094 -0.074914
v -0.213754 0.412474 -0.100311
vn 0.1130 0.9559 0.2709
vn -0.1130 -0.9559 -0.2709
vn -0.9673 0.0436 0.2498
vn 0.9673 -0.0436 -0.2498
vn 0.2269 -0.2903 0.9296
vn -0.2269 0.2903 -0.9296
vt 0.023438 0.593750
vt 0.023438 0.585938
vt 0.000000 0.593750
vt 0.000000 0.585938
vt 0.414062 0.625000
vt 0.414062 0.617188
vt 0.390625 0.625000
vt 0.390625 0.617188
vt 0.343750 0.648438
vt 0.343750 0.671875
vt 0.367188 0.648438
vt 0.367188 0.671875
vt 0.062500 0.640625
vt 0.062500 0.617188
vt 0.085938 0.640625
vt 0.085938 0.617188
vt 0.414062 0.609375
vt 0.414062 0.601562
vt 0.390625 0.609375
vt 0.390625 0.601562
vt 0.367188 0.609375
vt 0.367188 0.601562
vt 0.343750 0.609375
vt 0.343750 0.601562
s 0
usemtl Material_0
f 1681/1634/421 1683/1635/421 1682/1636/421
f 1683/1635/421 1684/1637/421 1682/1636/421
f 1685/1638/422 1687/1639/422 1686/1640/422
f 1687/1639/422 1688/1641/422 1686/1640/422
f 1689/1642/423 1691/1643/423 1690/1644/423
f 1691/1643/423 1692/1645/423 1690/1644/423
f 1693/1646/424 1695/1647/424 1694/1648/424
f 1695/1647/424 1696/1649/424 1694/1648/424
f 1697/1650/425 1699/1651/425 1698/1652/425
f 1699/1651/425 1700/1653/425 1698/1652/425
f 1701/1654/426 1703/1655/426 1702/1656/426
f 1703/1655/426 1704/1657/426 1702/1656/426
o cube.071
v -0.212947 0.478767 -0.046193
v -0.223584 0.492374 -0.089770
v -0.182718 0.477405 -0.053998
v -0.193355 0.491011 -0.097575
v -0.228883 0.447564 -0.102468
v -0.218245 0.433957 -0.058891
v -0.198654 0.446201 -0.110273
v -0.188016 0.432595 -0.066696
v -0.228883 0.447564 -0.102468
v -0.223584 0.492374 -0.089770
v -0.218245 0.433957 -0.058891
v -0.212947 0.478767 -0.046193
v -0.188016 0.432595 -0.066696
v -0.182718 0.477405 -0.053998
v -0.198654 0.446201 -0.110273
v -0.193355 0.491011 -0.097575
v -0.218245 0.433957 -0.058891
v -0.212947 0.478767 -0.046193
v -0.188016 0.432595 -0.066696
v -0.182718 0.477405 -0.053998
v -0.223584 0.492374 -0.089770
v -0.228883 0.447564 -0.102468
v -0.193355 0.491011 -0.097575
v -0.198654 0.446201 -0.110273
vn 0.1130 0.9559 0.2709
vn -0.1130 -0.9559 -0.2709
vn -0.9673 0.0436 0.2498
vn 0.9673 -0.0436 -0.2498
vn 0.2269 -0.2903 0.9296
vn -0.2269 0.2903 -0.9296
vt 0.449219 0.984375
vt 0.449219 0.976562
vt 0.437500 0.984375
vt 0.437500 0.976562
vt 0.011719 0.562500
vt 0.011719 0.554688
vt 0.000000 0.562500
vt 0.000000 0.554688
vt 0.406250 0.722656
vt 0.406250 0.734375
vt 0.417969 0.722656
vt 0.417969 0.734375
vt 0.281250 0.593750
vt 0.281250 0.582031
vt 0.292969 0.593750
vt 0.292969 0.582031
vt 0.027344 0.562500
vt 0.027344 0.554688
vt 0.015625 0.562500
vt 0.015625 0.554688
vt 0.292969 0.578125
vt 0.292969 0.570312
vt 0.281250 0.578125
vt 0.281250 0.570312
s 0
usemtl Material_0
f 1705/1658/427 1707/1659/427 1706/1660/427
f 1707/1659/427 1708/1661/427 1706/1660/427
f 1709/1662/428 1711/1663/428 1710/1664/428
f 1711/1663/428 1712/1665/428 1710/1664/428
f 1713/1666/429 1715/1667/429 1714/1668/429
f 1715/1667/429 1716/1669/429 1714/1668/429
f 1717/1670/430 1719/1671/430 1718/1672/430
f 1719/1671/430 1720/1673/430 1718/1672/430
f 1721/1674/431 1723/1675/431 1722/1676/431
f 1723/1675/431 1724/1677/431 1722/1676/431
f 1725/1678/432 1727/1679/432 1726/1680/432
f 1727/1679/432 1728/1681/432 1726/1680/432
o cube.072
v -0.222351 0.484491 -0.103619
v -0.222447 0.456543 -0.141251
v -0.200619 0.486470 -0.105144
v -0.200715 0.458522 -0.142776
v -0.219948 0.439093 -0.128298
v -0.219853 0.467041 -0.090666
v -0.198216 0.441072 -0.129823
v -0.198121 0.469021 -0.092191
v -0.219948 0.439093 -0.128298
v -0.222447 0.456543 -0.141251
v -0.219853 0.467041 -0.090666
v -0.222351 0.484491 -0.103619
v -0.198121 0.469021 -0.092191
v -0.200619 0.486470 -0.105144
v -0.198216 0.441072 -0.129823
v -0.200715 0.458522 -0.142776
v -0.219853 0.467041 -0.090666
v -0.222351 0.484491 -0.103619
v -0.198121 0.469021 -0.092191
v -0.200619 0.486470 -0.105144
v -0.222447 0.456543 -0.141251
v -0.219948 0.439093 -0.128298
v -0.200715 0.458522 -0.142776
v -0.198216 0.441072 -0.129823
vn -0.1142 0.7977 -0.5921
vn 0.1142 -0.7977 0.5921
vn -0.9935 -0.0905 0.0697
vn 0.9935 0.0905 -0.0697
vn 0.0020 0.5962 0.8028
vn -0.0020 -0.5962 -0.8028
vt 0.292969 0.531250
vt 0.292969 0.527344
vt 0.281250 0.531250
vt 0.281250 0.527344
vt 0.277344 0.531250
vt 0.277344 0.527344
vt 0.265625 0.531250
vt 0.265625 0.527344
vt 0.296875 0.519531
vt 0.296875 0.531250
vt 0.300781 0.519531
vt 0.300781 0.531250
vt 0.312500 0.531250
vt 0.312500 0.519531
vt 0.316406 0.531250
vt 0.316406 0.519531
vt 0.222656 0.515625
vt 0.222656 0.511719
vt 0.218750 0.515625
vt 0.218750 0.511719
vt 0.488281 0.796875
vt 0.488281 0.792969
vt 0.484375 0.796875
vt 0.484375 0.792969
s 0
usemtl Material_0
f 1729/1682/433 1731/1683/433 1730/1684/433
f 1731/1683/433 1732/1685/433 1730/1684/433
f 1733/1686/434 1735/1687/434 1734/1688/434
f 1735/1687/434 1736/1689/434 1734/1688/434
f 1737/1690/435 1739/1691/435 1738/1692/435
f 1739/1691/435 1740/1693/435 1738/1692/435
f 1741/1694/436 1743/1695/436 1742/1696/436
f 1743/1695/436 1744/1697/436 1742/1696/436
f 1745/1698/437 1747/1699/437 1746/1700/437
f 1747/1699/437 1748/1701/437 1746/1700/437
f 1749/1702/438 1751/1703/438 1750/1704/438
f 1751/1703/438 1752/1705/438 1750/1704/438
o cube.073
v -0.233447 0.403743 -0.069657
v -0.238412 0.410093 -0.089992
v -0.212234 0.407145 -0.073773
v -0.217199 0.413495 -0.094109
v -0.232789 0.351079 -0.109792
v -0.227825 0.344730 -0.089456
v -0.211576 0.354481 -0.113908
v -0.206612 0.348132 -0.093572
v -0.232789 0.351079 -0.109792
v -0.238412 0.410093 -0.089992
v -0.227825 0.344730 -0.089456
v -0.233447 0.403743 -0.069657
v -0.206612 0.348132 -0.093572
v -0.212234 0.407145 -0.073773
v -0.211576 0.354481 -0.113908
v -0.217199 0.413495 -0.094109
v -0.227825 0.344730 -0.089456
v -0.233447 0.403743 -0.069657
v -0.206612 0.348132 -0.093572
v -0.212234 0.407145 -0.073773
v -0.238412 0.410093 -0.089992
v -0.232789 0.351079 -0.109792
v -0.217199 0.413495 -0.094109
v -0.211576 0.354481 -0.113908
vn -0.0900 0.9442 0.3168
vn 0.0900 -0.9442 -0.3168
vn -0.9697 -0.1555 0.1882
vn 0.9697 0.1555 -0.1882
vn 0.2269 -0.2903 0.9296
vn -0.2269 0.2903 -0.9296
vt 0.238281 0.515625
vt 0.238281 0.511719
vt 0.234375 0.515625
vt 0.234375 0.511719
vt 0.488281 0.781250
vt 0.488281 0.777344
vt 0.484375 0.781250
vt 0.484375 0.777344
vt 0.000000 0.527344
vt 0.000000 0.531250
vt 0.015625 0.527344
vt 0.015625 0.531250
vt 0.031250 0.531250
vt 0.031250 0.527344
vt 0.468750 0.546875
vt 0.468750 0.542969
vt 0.453125 0.546875
vt 0.453125 0.542969
vt 0.468750 0.562500
vt 0.468750 0.558594
vt 0.453125 0.562500
vt 0.453125 0.558594
s 0
usemtl Material_0
f 1753/1706/439 1755/1707/439 1754/1708/439
f 1755/1707/439 1756/1709/439 1754/1708/439
f 1757/1710/440 1759/1711/440 1758/1712/440
f 1759/1711/440 1760/1713/440 1758/1712/440
f 1761/1714/441 1763/1715/441 1762/1716/441
f 1763/1715/441 1764/1717/441 1762/1716/441
f 1765/1717/442 1767/1716/442 1766/1718/442
f 1767/1716/442 1768/1719/442 1766/1718/442
f 1769/1720/443 1771/1721/443 1770/1722/443
f 1771/1721/443 1772/1723/443 1770/1722/443
f 1773/1724/444 1775/1725/444 1774/1726/444
f 1775/1725/444 1776/1727/444 1774/1726/444
o cube.074
v -0.226356 0.394672 -0.040605
v -0.231320 0.401022 -0.060941
v -0.205142 0.398074 -0.044721
v -0.210107 0.404424 -0.065057
v -0.225697 0.342008 -0.080740
v -0.220733 0.335658 -0.060405
v -0.204484 0.345410 -0.084857
v -0.199520 0.339060 -0.064521
v -0.225697 0.342008 -0.080740
v -0.231320 0.401022 -0.060941
v -0.220733 0.335658 -0.060405
v -0.226356 0.394672 -0.040605
v -0.199520 0.339060 -0.064521
v -0.205142 0.398074 -0.044721
v -0.204484 0.345410 -0.084857
v -0.210107 0.404424 -0.065057
v -0.220733 0.335658 -0.060405
v -0.226356 0.394672 -0.040605
v -0.199520 0.339060 -0.064521
v -0.205142 0.398074 -0.044721
v -0.231320 0.401022 -0.060941
v -0.225697 0.342008 -0.080740
v -0.210107 0.404424 -0.065057
v -0.204484 0.345410 -0.084857
vn -0.0900 0.9442 0.3168
vn 0.0900 -0.9442 -0.3168
vn -0.9697 -0.1555 0.1882
vn 0.9697 0.1555 -0.1882
vn 0.2269 -0.2903 0.9296
vn -0.2269 0.2903 -0.9296
vt 0.253906 0.515625
vt 0.253906 0.511719
vt 0.250000 0.515625
vt 0.250000 0.511719
vt 0.488281 0.765625
vt 0.488281 0.761719
vt 0.484375 0.765625
vt 0.484375 0.761719
vt 0.046875 0.527344
vt 0.046875 0.531250
vt 0.062500 0.527344
vt 0.062500 0.531250
vt 0.468750 0.953125
vt 0.468750 0.949219
vt 0.484375 0.953125
vt 0.484375 0.949219
vt 0.484375 0.968750
vt 0.484375 0.964844
vt 0.468750 0.968750
vt 0.468750 0.964844
vt 0.031250 0.531250
vt 0.031250 0.527344
s 0
usemtl Material_0
f 1777/1728/445 1779/1729/445 1778/1730/445
f 1779/1729/445 1780/1731/445 1778/1730/445
f 1781/1732/446 1783/1733/446 1782/1734/446
f 1783/1733/446 1784/1735/446 1782/1734/446
f 1785/1736/447 1787/1737/447 1786/1738/447
f 1787/1737/447 1788/1739/447 1786/1738/447
f 1789/1740/448 1791/1741/448 1790/1742/448
f 1791/1741/448 1792/1743/448 1790/1742/448
f 1793/1744/449 1795/1745/449 1794/1746/449
f 1795/1745/449 1796/1747/449 1794/1746/449
f 1797/1737/450 1799/1736/450 1798/1748/450
f 1799/1736/450 1800/1749/450 1798/1748/450
o cube.075
v -0.219264 0.385601 -0.011554
v -0.224228 0.391951 -0.031890
v -0.198051 0.389003 -0.015670
v -0.203015 0.395353 -0.036006
v -0.218605 0.332937 -0.051689
v -0.213641 0.326587 -0.031353
v -0.197392 0.336339 -0.055805
v -0.192428 0.329989 -0.035469
v -0.218605 0.332937 -0.051689
v -0.224228 0.391951 -0.031890
v -0.213641 0.326587 -0.031353
v -0.219264 0.385601 -0.011554
v -0.192428 0.329989 -0.035469
v -0.198051 0.389003 -0.015670
v -0.197392 0.336339 -0.055805
v -0.203015 0.395353 -0.036006
v -0.213641 0.326587 -0.031353
v -0.219264 0.385601 -0.011554
v -0.192428 0.329989 -0.035469
v -0.198051 0.389003 -0.015670
v -0.224228 0.391951 -0.031890
v -0.218605 0.332937 -0.051689
v -0.203015 0.395353 -0.036006
v -0.197392 0.336339 -0.055805
vn -0.0900 0.9442 0.3168
vn 0.0900 -0.9442 -0.3168
vn -0.9697 -0.1555 0.1882
vn 0.9697 0.1555 -0.1882
vn 0.2269 -0.2903 0.9296
vn -0.2269 0.2903 -0.9296
vt 0.269531 0.515625
vt 0.269531 0.511719
vt 0.265625 0.515625
vt 0.265625 0.511719
vt 0.488281 0.750000
vt 0.488281 0.746094
vt 0.484375 0.750000
vt 0.484375 0.746094
vt 0.078125 0.527344
vt 0.078125 0.531250
vt 0.093750 0.527344
vt 0.093750 0.531250
vt 0.468750 0.921875
vt 0.468750 0.917969
vt 0.484375 0.921875
vt 0.484375 0.917969
vt 0.484375 0.937500
vt 0.484375 0.933594
vt 0.468750 0.937500
vt 0.468750 0.933594
vt 0.062500 0.531250
vt 0.062500 0.527344
s 0
usemtl Material_0
f 1801/1750/451 1803/1751/451 1802/1752/451
f 1803/1751/451 1804/1753/451 1802/1752/451
f 1805/1754/452 1807/1755/452 1806/1756/452
f 1807/1755/452 1808/1757/452 1806/1756/452
f 1809/1758/453 1811/1759/453 1810/1760/453
f 1811/1759/453 1812/1761/453 1810/1760/453
f 1813/1762/454 1815/1763/454 1814/1764/454
f 1815/1763/454 1816/1765/454 1814/1764/454
f 1817/1766/455 1819/1767/455 1818/1768/455
f 1819/1767/455 1820/1769/455 1818/1768/455
f 1821/1759/456 1823/1758/456 1822/1770/456
f 1823/1758/456 1824/1771/456 1822/1770/456
o cube.076
v 0.127626 0.807964 0.042112
v 0.123949 0.802390 -0.098354
v 0.130604 0.651862 0.048228
v 0.126927 0.646288 -0.092238
v -0.141537 0.797605 -0.091214
v -0.137860 0.803178 0.049252
v -0.138559 0.641503 -0.085098
v -0.134881 0.647076 0.055368
v -0.141537 0.797605 -0.091214
v 0.123949 0.802390 -0.098354
v -0.137860 0.803178 0.049252
v 0.127626 0.807964 0.042112
v -0.137860 0.803178 0.049252
v 0.127626 0.807964 0.042112
v -0.134881 0.647076 0.055368
v 0.130604 0.651862 0.048228
v 0.123949 0.802390 -0.098354
v -0.141537 0.797605 -0.091214
v 0.126927 0.646288 -0.092238
v -0.138559 0.641503 -0.085098
vn 0.9995 0.0180 -0.0269
vn -0.9995 -0.0180 0.0269
vn -0.0191 0.9991 -0.0391
vn 0.0261 0.0396 0.9989
vn -0.0261 -0.0396 -0.9989
vt 0.187500 0.843750
vt 0.187500 0.804688
vt 0.222656 0.843750
vt 0.222656 0.804688
vt 0.000000 0.796875
vt 0.000000 0.757812
vt 0.035156 0.796875
vt 0.035156 0.757812
vt 0.144531 0.964844
vt 0.144531 1.000000
vt 0.078125 0.964844
vt 0.078125 1.000000
vt 0.000000 0.953125
vt 0.000000 0.914062
vt 0.066406 0.953125
vt 0.066406 0.914062
vt 0.000000 1.000000
vt 0.000000 0.960938
vt 0.066406 1.000000
vt 0.066406 0.960938
s 0
usemtl Material_0
f 1825/1772/457 1827/1773/457 1826/1774/457
f 1827/1773/457 1828/1775/457 1826/1774/457
f 1829/1776/458 1831/1777/458 1830/1778/458
f 1831/1777/458 1832/1779/458 1830/1778/458
f 1833/1780/459 1835/1781/459 1834/1782/459
f 1835/1781/459 1836/1783/459 1834/1782/459
f 1837/1784/460 1839/1785/460 1838/1786/460
f 1839/1785/460 1840/1787/460 1838/1786/460
f 1841/1788/461 1843/1789/461 1842/1790/461
f 1843/1789/461 1844/1791/461 1842/1790/461
o cube.077
v -0.134880 0.647079 0.055431
v 0.130606 0.651864 0.048291
v -0.132199 0.506587 0.060935
v 0.133287 0.511373 0.053795
vn 0.0261 0.0396 0.9989
vt 0.078125 0.953125
vt 0.078125 0.917969
vt 0.144531 0.953125
vt 0.144531 0.917969
s 0
usemtl Material_0
f 1845/1792/462 1847/1793/462 1846/1794/462
f 1847/1793/462 1848/1795/462 1846/1794/462
o cube.078
v -0.007560 0.374874 0.025346
v -0.007523 0.463978 -0.038083
v -0.007757 0.266138 -0.127404
v -0.007720 0.355242 -0.190834
v -0.116898 0.464075 -0.038011
v -0.116934 0.374970 0.025419
v -0.117095 0.355339 -0.190761
v -0.117132 0.266234 -0.127332
v -0.116898 0.464075 -0.038011
v -0.007523 0.463978 -0.038083
v -0.116934 0.374970 0.025419
v -0.007560 0.374874 0.025346
v -0.117132 0.266234 -0.127332
v -0.007757 0.266138 -0.127404
v -0.117095 0.355339 -0.190761
v -0.007720 0.355242 -0.190834
v -0.116934 0.374970 0.025419
v -0.007560 0.374874 0.025346
v -0.117132 0.266234 -0.127332
v -0.007757 0.266138 -0.127404
v -0.007523 0.463978 -0.038083
v -0.116898 0.464075 -0.038011
v -0.007720 0.355242 -0.190834
v -0.117095 0.355339 -0.190761
vn 1.0000 -0.0009 -0.0007
vn -1.0000 0.0009 0.0007
vn 0.0011 0.5799 0.8147
vn -0.0011 -0.5799 -0.8147
vn -0.0003 -0.8147 0.5799
vn 0.0003 0.8147 -0.5799
vt 0.261719 0.890625
vt 0.261719 0.843750
vt 0.234375 0.890625
vt 0.234375 0.843750
vt 0.105469 0.765625
vt 0.105469 0.718750
vt 0.078125 0.765625
vt 0.078125 0.718750
vt 0.312500 0.769531
vt 0.312500 0.796875
vt 0.339844 0.769531
vt 0.339844 0.796875
vt 0.218750 0.687500
vt 0.218750 0.660156
vt 0.246094 0.687500
vt 0.246094 0.660156
vt 0.136719 0.765625
vt 0.136719 0.718750
vt 0.109375 0.765625
vt 0.109375 0.718750
vt 0.074219 0.765625
vt 0.074219 0.718750
vt 0.046875 0.765625
vt 0.046875 0.718750
s 0
usemtl Material_0
f 1849/1796/463 1851/1797/463 1850/1798/463
f 1851/1797/463 1852/1799/463 1850/1798/463
f 1853/1800/464 1855/1801/464 1854/1802/464
f 1855/1801/464 1856/1803/464 1854/1802/464
f 1857/1804/465 1859/1805/465 1858/1806/465
f 1859/1805/465 1860/1807/465 1858/1806/465
f 1861/1808/466 1863/1809/466 1862/1810/466
f 1863/1809/466 1864/1811/466 1862/1810/466
f 1865/1812/467 1867/1813/467 1866/1814/467
f 1867/1813/467 1868/1815/467 1866/1814/467
f 1869/1816/468 1871/1817/468 1870/1818/468
f 1871/1817/468 1872/1819/468 1870/1818/468
o cube.079
v -0.015503 0.334234 -0.118577
v -0.015599 0.287160 -0.199651
v -0.015577 0.185597 -0.032275
v -0.015673 0.138523 -0.113350
v -0.109348 0.287243 -0.199589
v -0.109253 0.334317 -0.118514
v -0.109423 0.138606 -0.113287
v -0.109327 0.185679 -0.032213
v -0.109348 0.287243 -0.199589
v -0.015599 0.287160 -0.199651
v -0.109253 0.334317 -0.118514
v -0.015503 0.334234 -0.118577
v -0.109327 0.185679 -0.032213
v -0.015577 0.185597 -0.032275
v -0.109423 0.138606 -0.113287
v -0.015673 0.138523 -0.113350
v -0.109253 0.334317 -0.118514
v -0.015503 0.334234 -0.118577
v -0.109327 0.185679 -0.032213
v -0.015577 0.185597 -0.032275
v -0.015599 0.287160 -0.199651
v -0.109348 0.287243 -0.199589
v -0.015673 0.138523 -0.113350
v -0.109423 0.138606 -0.113287
vn 1.0000 -0.0009 -0.0007
vn -1.0000 0.0009 0.0007
vn 0.0004 0.8648 -0.5021
vn -0.0004 -0.8648 0.5021
vn 0.0010 0.5021 0.8648
vn -0.0010 -0.5021 -0.8648
vt 0.023438 0.750000
vt 0.023438 0.707031
vt 0.000000 0.750000
vt 0.000000 0.707031
vt 0.226562 0.765625
vt 0.226562 0.722656
vt 0.203125 0.765625
vt 0.203125 0.722656
vt 0.343750 0.710938
vt 0.343750 0.734375
vt 0.367188 0.710938
vt 0.367188 0.734375
vt 0.343750 0.703125
vt 0.343750 0.679688
vt 0.367188 0.703125
vt 0.367188 0.679688
vt 0.257812 0.796875
vt 0.257812 0.753906
vt 0.234375 0.796875
vt 0.234375 0.753906
vt 0.195312 0.765625
vt 0.195312 0.722656
vt 0.171875 0.765625
vt 0.171875 0.722656
s 0
usemtl Material_0
f 1873/1820/469 1875/1821/469 1874/1822/469
f 1875/1821/469 1876/1823/469 1874/1822/469
f 1877/1824/470 1879/1825/470 1878/1826/470
f 1879/1825/470 1880/1827/470 1878/1826/470
f 1881/1828/471 1883/1829/471 1882/1830/471
f 1883/1829/471 1884/1831/471 1882/1830/471
f 1885/1832/472 1887/1833/472 1886/1834/472
f 1887/1833/472 1888/1835/472 1886/1834/472
f 1889/1836/473 1891/1837/473 1890/1838/473
f 1891/1837/473 1892/1839/473 1890/1838/473
f 1893/1840/474 1895/1841/474 1894/1842/474
f 1895/1841/474 1896/1843/474 1894/1842/474
o cube.080
v -0.000000 0.196850 -0.020831
v -0.000000 0.127352 -0.124731
v -0.000000 0.131913 0.022605
v -0.000000 0.062415 -0.081295
v -0.125000 0.127352 -0.124731
v -0.125000 0.196850 -0.020831
v -0.125000 0.062415 -0.081295
v -0.125000 0.131913 0.022605
v -0.125000 0.127352 -0.124731
v -0.000000 0.127352 -0.124731
v -0.125000 0.196850 -0.020831
v -0.000000 0.196850 -0.020831
v -0.125000 0.131913 0.022605
v -0.000000 0.131913 0.022605
v -0.125000 0.062415 -0.081295
v -0.000000 0.062415 -0.081295
v -0.125000 0.196850 -0.020831
v -0.000000 0.196850 -0.020831
v -0.125000 0.131913 0.022605
v -0.000000 0.131913 0.022605
v -0.000000 0.127352 -0.124731
v -0.125000 0.127352 -0.124731
v -0.000000 0.062415 -0.081295
v -0.125000 0.062415 -0.081295
vn 1.0000 -0.0000 -0.0000
vn -1.0000 -0.0000 -0.0000
vn -0.0000 0.8312 -0.5560
vn -0.0000 -0.8312 0.5560
vn -0.0000 0.5560 0.8312
vn -0.0000 -0.5560 -0.8312
vt 0.250000 0.656250
vt 0.250000 0.636719
vt 0.218750 0.656250
vt 0.218750 0.636719
vt 0.187500 0.656250
vt 0.187500 0.636719
vt 0.250000 0.906250
vt 0.250000 0.937500
vt 0.281250 0.906250
vt 0.281250 0.937500
vt 0.234375 0.750000
vt 0.234375 0.718750
vt 0.265625 0.750000
vt 0.265625 0.718750
vt 0.375000 0.812500
vt 0.375000 0.792969
vt 0.343750 0.812500
vt 0.343750 0.792969
vt 0.156250 0.656250
vt 0.156250 0.636719
s 0
usemtl Material_0
f 1897/1844/475 1899/1845/475 1898/1846/475
f 1899/1845/475 1900/1847/475 1898/1846/475
f 1901/1846/476 1903/1847/476 1902/1848/476
f 1903/1847/476 1904/1849/476 1902/1848/476
f 1905/1850/477 1907/1851/477 1906/1852/477
f 1907/1851/477 1908/1853/477 1906/1852/477
f 1909/1854/478 1911/1855/478 1910/1856/478
f 1911/1855/478 1912/1857/478 1910/1856/478
f 1913/1858/479 1915/1859/479 1914/1860/479
f 1915/1859/479 1916/1861/479 1914/1860/479
f 1917/1848/480 1919/1849/480 1918/1862/480
f 1919/1849/480 1920/1863/480 1918/1862/480
o cube.081
v -0.007813 0.101378 -0.107356
v -0.007813 0.075316 -0.146319
v -0.007813 0.062415 -0.081295
v -0.007813 0.036354 -0.120257
v -0.117188 0.075316 -0.146319
v -0.117188 0.101378 -0.107356
v -0.117188 0.036354 -0.120257
v -0.117188 0.062415 -0.081295
v -0.117188 0.075316 -0.146319
v -0.007813 0.075316 -0.146319
v -0.117188 0.101378 -0.107356
v -0.007813 0.101378 -0.107356
v -0.117188 0.062415 -0.081295
v -0.007813 0.062415 -0.081295
v -0.117188 0.036354 -0.120257
v -0.007813 0.036354 -0.120257
v -0.117188 0.101378 -0.107356
v -0.007813 0.101378 -0.107356
v -0.117188 0.062415 -0.081295
v -0.007813 0.062415 -0.081295
v -0.007813 0.075316 -0.146319
v -0.117188 0.075316 -0.146319
v -0.007813 0.036354 -0.120257
v -0.117188 0.036354 -0.120257
vn 1.0000 -0.0000 -0.0000
vn -1.0000 -0.0000 -0.0000
vn -0.0000 0.8312 -0.5560
vn -0.0000 -0.8312 0.5560
vn -0.0000 0.5560 0.8312
vn -0.0000 -0.5560 -0.8312
vt 0.355469 0.593750
vt 0.355469 0.582031
vt 0.343750 0.593750
vt 0.343750 0.582031
vt 0.339844 0.593750
vt 0.339844 0.582031
vt 0.328125 0.593750
vt 0.328125 0.582031
vt 0.375000 0.738281
vt 0.375000 0.750000
vt 0.402344 0.738281
vt 0.402344 0.750000
vt 0.375000 0.734375
vt 0.375000 0.722656
vt 0.402344 0.734375
vt 0.402344 0.722656
vt 0.402344 0.765625
vt 0.402344 0.753906
vt 0.375000 0.765625
vt 0.375000 0.753906
vt 0.246094 0.625000
vt 0.246094 0.613281
vt 0.218750 0.625000
vt 0.218750 0.613281
s 0
usemtl Material_0
f 1921/1864/481 1923/1865/481 1922/1866/481
f 1923/1865/481 1924/1867/481 1922/1866/481
f 1925/1868/482 1927/1869/482 1926/1870/482
f 1927/1869/482 1928/1871/482 1926/1870/482
f 1929/1872/483 1931/1873/483 1930/1874/483
f 1931/1873/483 1932/1875/483 1930/1874/483
f 1933/1876/484 1935/1877/484 1934/1878/484
f 1935/1877/484 1936/1879/484 1934/1878/484
f 1937/1880/485 1939/1881/485 1938/1882/485
f 1939/1881/485 1940/1883/485 1938/1882/485
f 1941/1884/486 1943/1885/486 1942/1886/486
f 1943/1885/486 1944/1887/486 1942/1886/486
